tile_m	tile_n	tile_k	stages	split_k	ctas_per_sm	measured_ms	model_ms	gemm_ms	combine_ms	other_ms	barrier_ms	stages_after_split
16	32	16	2	1	3	0.518144	0.237261	0.182876	0	0.00752465	0.04686	30
16	32	16	2	2	3	0.359424	0.176434	0.0985642	0.00161728	0.00752465	0.068728	44
16	32	16	2	4	3	0.247808	0.134331	0.0564082	0.00166976	0.00752465	0.068728	44
16	32	16	2	8	3	0.211968	0.118627	0.0405996	0.00177473	0.00752465	0.068728	44
16	32	16	2	16	3	0.195456	0.120274	0.0420369	0.00198467	0.00752465	0.068728	44
16	32	16	3	1	3	0.500672	0.238335	0.18395	0	0.00752465	0.04686	30
16	32	16	3	2	3	0.345088	0.177508	0.0996383	0.00161728	0.00752465	0.068728	44
16	32	16	3	4	3	0.239616	0.135405	0.0574822	0.00166976	0.00752465	0.068728	44
16	32	16	3	8	3	0.2048	0.119701	0.0416737	0.00177473	0.00752465	0.068728	44
16	32	16	3	16	3	0.196384	0.121655	0.0434178	0.00198467	0.00752465	0.068728	44
16	32	16	4	1	3	0.500736	0.239409	0.185024	0	0.00752465	0.04686	30
16	32	16	4	2	3	0.34816	0.178582	0.100712	0.00161728	0.00752465	0.068728	44
16	32	16	4	4	3	0.245472	0.136479	0.0585563	0.00166976	0.00752465	0.068728	44
16	32	16	4	8	3	0.212864	0.120775	0.0427477	0.00177473	0.00752465	0.068728	44
16	32	16	4	16	3	0.195584	0.123036	0.0447987	0.00198467	0.00752465	0.068728	44
16	32	16	5	1	3	0.500736	0.240483	0.186099	0	0.00752465	0.04686	30
16	32	16	5	2	3	0.347136	0.179656	0.101786	0.00161728	0.00752465	0.068728	44
16	32	16	5	4	3	0.247808	0.137553	0.0596303	0.00166976	0.00752465	0.068728	44
16	32	16	5	8	3	0.213728	0.121849	0.0438218	0.00177473	0.00752465	0.068728	44
16	32	16	5	16	3	0.198656	0.124417	0.0461797	0.00198467	0.00752465	0.068728	44
16	32	32	2	1	3	0.485376	0.239409	0.185024	0	0.00752465	0.04686	30
16	32	32	2	2	3	0.343072	0.178582	0.100712	0.00161728	0.00752465	0.068728	44
16	32	32	2	4	3	0.231424	0.136479	0.0585563	0.00166976	0.00752465	0.068728	44
16	32	32	2	8	3	0.206784	0.120775	0.0427477	0.00177473	0.00752465	0.068728	44
16	32	32	2	16	3	0.192512	0.123036	0.0447987	0.00198467	0.00752465	0.068728	44
16	32	32	3	1	3	0.497664	0.241557	0.187173	0	0.00752465	0.04686	30
16	32	32	3	2	3	0.341728	0.18073	0.10286	0.00161728	0.00752465	0.068728	44
16	32	32	3	4	3	0.239616	0.138627	0.0607044	0.00166976	0.00752465	0.068728	44
16	32	32	3	8	3	0.211968	0.122923	0.0448958	0.00177473	0.00752465	0.068728	44
16	32	32	3	16	3	0.198656	0.125798	0.0475606	0.00198467	0.00752465	0.068728	44
16	32	32	4	1	3	0.490496	0.243705	0.189321	0	0.00752465	0.04686	30
16	32	32	4	2	3	0.341984	0.182878	0.105009	0.00161728	0.00752465	0.068728	44
16	32	32	4	4	3	0.242688	0.140775	0.0628525	0.00166976	0.00752465	0.068728	44
16	32	32	4	8	3	0.211968	0.125071	0.0470439	0.00177473	0.00752465	0.068728	44
16	32	32	4	16	3	0.200704	0.12856	0.0503224	0.00198467	0.00752465	0.068728	44
16	32	32	5	1	3	0.497664	0.245853	0.191469	0	0.00752465	0.04686	30
16	32	32	5	2	3	0.345984	0.185027	0.107157	0.00161728	0.00752465	0.068728	44
16	32	32	5	4	3	0.245568	0.142923	0.0650006	0.00166976	0.00752465	0.068728	44
16	32	32	5	8	3	0.20992	0.127219	0.049192	0.00177473	0.00752465	0.068728	44
16	32	32	5	16	3	0.201728	0.131322	0.0530843	0.00198467	0.00752465	0.068728	44
16	64	16	2	1	2	0.425312	0.336387	0.297441	0	0.00752465	0.0314213	30
16	64	16	2	2	2	0.289056	0.212147	0.15692	0.00161728	0.00752465	0.0460845	44
16	64	16	2	4	2	0.207872	0.141939	0.0866603	0.00166976	0.00752465	0.0460845	44
16	64	16	2	8	2	0.171808	0.106914	0.0515302	0.00177473	0.00752465	0.0460845	44
16	64	16	2	16	2	0.165856	0.0939503	0.0383565	0.00198467	0.00752465	0.0460845	44
16	64	16	3	1	2	0.422912	0.338177	0.299231	0	0.00752465	0.0314213	30
16	64	16	3	2	2	0.286336	0.213937	0.158711	0.00161728	0.00752465	0.0460845	44
16	64	16	3	4	2	0.204032	0.143729	0.0884504	0.00166976	0.00752465	0.0460845	44
16	64	16	3	8	2	0.16928	0.108704	0.0533203	0.00177473	0.00752465	0.0460845	44
16	64	16	3	16	2	0.165088	0.0957404	0.0401466	0.00198467	0.00752465	0.0460845	44
16	64	16	4	1	2	0.421888	0.339967	0.301021	0	0.00752465	0.0314213	30
16	64	16	4	2	2	0.28672	0.215727	0.160501	0.00161728	0.00752465	0.0460845	44
16	64	16	4	4	2	0.203776	0.145519	0.0902405	0.00166976	0.00752465	0.0460845	44
16	64	16	4	8	2	0.1688	0.110494	0.0551104	0.00177473	0.00752465	0.0460845	44
16	64	16	4	16	2	0.165152	0.0975305	0.0419366	0.00198467	0.00752465	0.0460845	44
16	64	16	5	1	2	0.420864	0.341757	0.302811	0	0.00752465	0.0314213	30
16	64	16	5	2	2	0.287488	0.217517	0.162291	0.00161728	0.00752465	0.0460845	44
16	64	16	5	4	2	0.203776	0.147309	0.0920306	0.00166976	0.00752465	0.0460845	44
16	64	16	5	8	2	0.171328	0.112284	0.0569005	0.00177473	0.00752465	0.0460845	44
16	64	16	5	16	2	0.165024	0.0993206	0.0437267	0.00198467	0.00752465	0.0460845	44
16	64	32	2	1	2	0.421184	0.339967	0.301021	0	0.00752465	0.0314213	30
16	64	32	2	2	2	0.287744	0.215727	0.160501	0.00161728	0.00752465	0.0460845	44
16	64	32	2	4	2	0.205824	0.145519	0.0902405	0.00166976	0.00752465	0.0460845	44
16	64	32	2	8	2	0.171776	0.110494	0.0551104	0.00177473	0.00752465	0.0460845	44
16	64	32	2	16	2	0.169184	0.0975305	0.0419366	0.00198467	0.00752465	0.0460845	44
16	64	32	3	1	2	0.420864	0.343547	0.304601	0	0.00752465	0.0314213	30
16	64	32	3	2	2	0.287776	0.219307	0.164081	0.00161728	0.00752465	0.0460845	44
16	64	32	3	4	2	0.203648	0.1491	0.0938207	0.00166976	0.00752465	0.0460845	44
16	64	32	3	8	2	0.170688	0.114074	0.0586906	0.00177473	0.00752465	0.0460845	44
16	64	32	3	16	2	0.171008	0.101111	0.0455168	0.00198467	0.00752465	0.0460845	44
16	64	32	4	1	2	0.423008	0.347127	0.308181	0	0.00752465	0.0314213	30
16	64	32	4	2	2	0.287648	0.222887	0.167661	0.00161728	0.00752465	0.0460845	44
16	64	32	4	4	2	0.208128	0.15268	0.0974008	0.00166976	0.00752465	0.0460845	44
16	64	32	4	8	2	0.172128	0.117655	0.0622708	0.00177473	0.00752465	0.0460845	44
16	64	32	4	16	2	0.16384	0.104691	0.049097	0.00198467	0.00752465	0.0460845	44
16	64	32	5	1	1	0.420864	0.350662	0.311761	0	0.00752465	0.0313763	30
16	64	32	5	2	1	0.286496	0.226402	0.171241	0.00161728	0.00752465	0.0460185	44
16	64	32	5	4	1	0.205984	0.156194	0.100981	0.00166976	0.00752465	0.0460185	44
16	64	32	5	8	1	0.170144	0.121169	0.0658509	0.00177473	0.00752465	0.0460185	44
16	64	32	5	16	1	0.159936	0.116982	0.0614545	0.00198467	0.00752465	0.0460185	44
16	128	16	2	1	2	0.671584	0.565515	0.526569	0	0.00752465	0.0314213	30
16	128	16	2	2	2	0.41984	0.328859	0.273633	0.00161728	0.00752465	0.0460845	44
16	128	16	2	4	2	0.272352	0.202444	0.147165	0.00166976	0.00752465	0.0460845	44
16	128	16	2	8	2	0.2048	0.139314	0.0839305	0.00177473	0.00752465	0.0460845	44
16	128	16	2	16	2	0.177408	0.107907	0.0523134	0.00198467	0.00752465	0.0460845	44
16	128	16	3	1	2	0.667776	0.568737	0.529791	0	0.00752465	0.0314213	30
16	128	16	3	2	2	0.409472	0.332081	0.276855	0.00161728	0.00752465	0.0460845	44
16	128	16	3	4	2	0.271616	0.205666	0.150387	0.00166976	0.00752465	0.0460845	44
16	128	16	3	8	2	0.203808	0.142537	0.0871527	0.00177473	0.00752465	0.0460845	44
16	128	16	3	16	2	0.1792	0.111129	0.0555356	0.00198467	0.00752465	0.0460845	44
16	128	16	4	1	2	0.654048	0.57196	0.533014	0	0.00752465	0.0314213	30
16	128	16	4	2	2	0.406208	0.335304	0.280077	0.00161728	0.00752465	0.0460845	44
16	128	16	4	4	2	0.27136	0.208888	0.153609	0.00166976	0.00752465	0.0460845	44
16	128	16	4	8	2	0.205952	0.145759	0.0903748	0.00177473	0.00752465	0.0460845	44
16	128	16	4	16	2	0.186368	0.114352	0.0587578	0.00198467	0.00752465	0.0460845	44
16	128	16	5	1	2	0.665856	0.575182	0.536236	0	0.00752465	0.0314213	30
16	128	16	5	2	2	0.416768	0.338526	0.283299	0.00161728	0.00752465	0.0460845	44
16	128	16	5	4	2	0.27136	0.21211	0.156831	0.00166976	0.00752465	0.0460845	44
16	128	16	5	8	2	0.206144	0.148981	0.093597	0.00177473	0.00752465	0.0460845	44
16	128	16	5	16	2	0.173248	0.117574	0.0619799	0.00198467	0.00752465	0.0460845	44
16	128	32	2	1	2	0.670048	0.57196	0.533014	0	0.00752465	0.0314213	30
16	128	32	2	2	2	0.419488	0.335304	0.280077	0.00161728	0.00752465	0.0460845	44
16	128	32	2	4	2	0.272384	0.208888	0.153609	0.00166976	0.00752465	0.0460845	44
16	128	32	2	8	2	0.206848	0.145759	0.0903748	0.00177473	0.00752465	0.0460845	44
16	128	32	2	16	2	0.187296	0.114352	0.0587578	0.00198467	0.00752465	0.0460845	44
16	128	32	3	1	1	0.656096	0.578359	0.539458	0	0.00752465	0.0313763	30
16	128	32	3	2	1	0.4096	0.341682	0.286521	0.00161728	0.00752465	0.0460185	44
16	128	32	3	4	1	0.27136	0.215266	0.160053	0.00166976	0.00752465	0.0460185	44
16	128	32	3	8	1	0.205824	0.152137	0.0968191	0.00177473	0.00752465	0.0460185	44
16	128	32	3	16	1	0.167936	0.12073	0.0652021	0.00198467	0.00752465	0.0460185	44
16	128	32	4	1	1	0.668672	0.584803	0.545902	0	0.00752465	0.0313763	30
16	128	32	4	2	1	0.41872	0.348126	0.292966	0.00161728	0.00752465	0.0460185	44
16	128	32	4	4	1	0.273536	0.22171	0.166498	0.00166976	0.00752465	0.0460185	44
16	128	32	4	8	1	0.206656	0.158581	0.103263	0.00177473	0.00752465	0.0460185	44
16	128	32	4	16	1	0.172032	0.127174	0.0716464	0.00198467	0.00752465	0.0460185	44
16	128	32	5	1	1	0.670848	0.591247	0.552347	0	0.00752465	0.0313763	30
16	128	32	5	2	1	0.418816	0.354571	0.29941	0.00161728	0.00752465	0.0460185	44
16	128	32	5	4	1	0.277664	0.228155	0.172942	0.00166976	0.00752465	0.0460185	44
16	128	32	5	8	1	0.2048	0.165026	0.109708	0.00177473	0.00752465	0.0460185	44
16	128	32	5	16	1	0.173056	0.133618	0.0780907	0.00198467	0.00752465	0.0460185	44
16	256	16	2	1	2	1.13757	1.02377	0.984827	0	0.00752465	0.0314213	30
16	256	16	2	2	2	0.653312	0.562284	0.507058	0.00161728	0.00752465	0.0460845	44
16	256	16	2	4	2	0.392416	0.323452	0.268173	0.00166976	0.00752465	0.0460845	44
16	256	16	2	8	2	0.267584	0.204115	0.148731	0.00177473	0.00752465	0.0460845	44
16	256	16	2	16	2	0.220096	0.144604	0.0890099	0.00198467	0.00752465	0.0460845	44
16	256	16	3	1	1	1.12963	1.02981	0.990913	0	0.00752465	0.0313763	30
16	256	16	3	2	1	0.652288	0.568304	0.513144	0.00161728	0.00752465	0.0460185	44
16	256	16	3	4	1	0.39232	0.329472	0.27426	0.00166976	0.00752465	0.0460185	44
16	256	16	3	8	1	0.262112	0.210135	0.154817	0.00177473	0.00752465	0.0460185	44
16	256	16	3	16	1	0.1952	0.150624	0.0950962	0.00198467	0.00752465	0.0460185	44
16	256	16	4	1	1	1.13274	1.0359	0.996999	0	0.00752465	0.0313763	30
16	256	16	4	2	1	0.651424	0.574391	0.51923	0.00161728	0.00752465	0.0460185	44
16	256	16	4	4	1	0.391168	0.335559	0.280346	0.00166976	0.00752465	0.0460185	44
16	256	16	4	8	1	0.272128	0.216221	0.160904	0.00177473	0.00752465	0.0460185	44
16	256	16	4	16	1	0.2048	0.15671	0.101182	0.00198467	0.00752465	0.0460185	44
16	256	16	5	1	1	1.14602	1.04199	1.00309	0	0.00752465	0.0313763	30
16	256	16	5	2	1	0.653472	0.580477	0.525317	0.00161728	0.00752465	0.0460185	44
16	256	16	5	4	1	0.402144	0.341645	0.286432	0.00166976	0.00752465	0.0460185	44
16	256	16	5	8	1	0.272576	0.222308	0.16699	0.00177473	0.00752465	0.0460185	44
16	256	16	5	16	1	0.209664	0.162797	0.107269	0.00198467	0.00752465	0.0460185	44
16	256	32	2	1	1	1.18374	1.0359	0.996999	0	0.00752465	0.0313763	30
16	256	32	2	2	1	0.683072	0.574391	0.51923	0.00161728	0.00752465	0.0460185	44
16	256	32	2	4	1	0.407552	0.335559	0.280346	0.00166976	0.00752465	0.0460185	44
16	256	32	2	8	1	0.275488	0.216221	0.160904	0.00177473	0.00752465	0.0460185	44
16	256	32	2	16	1	0.208896	0.15671	0.101182	0.00198467	0.00752465	0.0460185	44
32	16	16	2	1	3	0.502784	0.237261	0.182876	0	0.00752465	0.04686	30
32	16	16	2	2	3	0.348896	0.176434	0.0985642	0.00161728	0.00752465	0.068728	44
32	16	16	2	4	3	0.242688	0.14487	0.0669472	0.00166976	0.00752465	0.068728	44
32	16	16	2	8	3	0.229376	0.143777	0.0657497	0.00177473	0.00752465	0.068728	44
32	16	16	2	16	3	0.232448	0.154167	0.0759297	0.00198467	0.00752465	0.068728	44
32	16	16	3	1	3	0.499712	0.238335	0.18395	0	0.00752465	0.04686	30
32	16	16	3	2	3	0.345952	0.177508	0.0996383	0.00161728	0.00752465	0.068728	44
32	16	16	3	4	3	0.243712	0.145944	0.0680212	0.00166976	0.00752465	0.068728	44
32	16	16	3	8	3	0.22832	0.145158	0.0671306	0.00177473	0.00752465	0.068728	44
32	16	16	3	16	3	0.233472	0.156315	0.0780778	0.00198467	0.00752465	0.068728	44
32	16	16	4	1	3	0.499712	0.239409	0.185024	0	0.00752465	0.04686	30
32	16	16	4	2	3	0.346144	0.178582	0.100712	0.00161728	0.00752465	0.068728	44
32	16	16	4	4	3	0.218112	0.147018	0.0690953	0.00166976	0.00752465	0.068728	44
32	16	16	4	8	3	0.193504	0.146539	0.0685115	0.00177473	0.00752465	0.068728	44
32	16	16	4	16	3	0.233472	0.158463	0.080226	0.00198467	0.00752465	0.068728	44
32	16	16	5	1	3	0.500384	0.240483	0.186099	0	0.00752465	0.04686	30
32	16	16	5	2	3	0.349888	0.179656	0.101786	0.00161728	0.00752465	0.068728	44
32	16	16	5	4	3	0.244736	0.148092	0.0701693	0.00166976	0.00752465	0.068728	44
32	16	16	5	8	3	0.232448	0.14792	0.0698925	0.00177473	0.00752465	0.068728	44
32	16	16	5	16	3	0.234496	0.160611	0.0823741	0.00198467	0.00752465	0.068728	44
32	16	32	2	1	3	0.484032	0.239409	0.185024	0	0.00752465	0.04686	30
32	16	32	2	2	3	0.341024	0.178582	0.100712	0.00161728	0.00752465	0.068728	44
32	16	32	2	4	3	0.234496	0.147018	0.0690953	0.00166976	0.00752465	0.068728	44
32	16	32	2	8	3	0.22528	0.146539	0.0685115	0.00177473	0.00752465	0.068728	44
32	16	32	2	16	3	0.233472	0.158463	0.080226	0.00198467	0.00752465	0.068728	44
32	16	32	3	1	3	0.484064	0.241557	0.187173	0	0.00752465	0.04686	30
32	16	32	3	2	3	0.338944	0.18073	0.10286	0.00161728	0.00752465	0.068728	44
32	16	32	3	4	3	0.236256	0.149166	0.0712434	0.00166976	0.00752465	0.068728	44
32	16	32	3	8	3	0.228256	0.149301	0.0712734	0.00177473	0.00752465	0.068728	44
32	16	32	3	16	3	0.23552	0.162759	0.0845222	0.00198467	0.00752465	0.068728	44
32	16	32	4	1	3	0.482304	0.243705	0.189321	0	0.00752465	0.04686	30
32	16	32	4	2	3	0.336896	0.182878	0.105009	0.00161728	0.00752465	0.068728	44
32	16	32	4	4	3	0.240384	0.151314	0.0733915	0.00166976	0.00752465	0.068728	44
32	16	32	4	8	3	0.232448	0.152063	0.0740352	0.00177473	0.00752465	0.068728	44
32	16	32	4	16	3	0.24064	0.167056	0.0888184	0.00198467	0.00752465	0.068728	44
32	16	32	5	1	3	0.483328	0.245853	0.191469	0	0.00752465	0.04686	30
32	16	32	5	2	3	0.338944	0.185027	0.107157	0.00161728	0.00752465	0.068728	44
32	16	32	5	4	3	0.243712	0.153462	0.0755396	0.00166976	0.00752465	0.068728	44
32	16	32	5	8	3	0.237344	0.154824	0.0767971	0.00177473	0.00752465	0.068728	44
32	16	32	5	16	3	0.24576	0.171352	0.0931146	0.00198467	0.00752465	0.068728	44
32	32	8	2	1	3	0.67584	0.293469	0.239085	0	0.00752465	0.04686	30
32	32	8	2	2	3	0.436224	0.204538	0.126668	0.00161728	0.00752465	0.068728	44
32	32	8	2	4	3	0.279552	0.148383	0.0704602	0.00166976	0.00752465	0.068728	44
32	32	8	2	8	3	0.22912	0.12741	0.0493821	0.00177473	0.00752465	0.068728	44
32	32	8	2	16	3	0.208896	0.128178	0.0499412	0.00198467	0.00752465	0.068728	44
32	32	8	3	1	3	0.649216	0.294185	0.239801	0	0.00752465	0.04686	30
32	32	8	3	2	3	0.422624	0.205254	0.127384	0.00161728	0.00752465	0.068728	44
32	32	8	3	4	3	0.278464	0.149099	0.0711762	0.00166976	0.00752465	0.068728	44
32	32	8	3	8	3	0.228352	0.128126	0.0500982	0.00177473	0.00752465	0.068728	44
32	32	8	3	16	3	0.208896	0.129099	0.0508618	0.00198467	0.00752465	0.068728	44
32	32	8	4	1	3	0.651264	0.294901	0.240517	0	0.00752465	0.04686	30
32	32	8	4	2	3	0.42096	0.20597	0.1281	0.00161728	0.00752465	0.068728	44
32	32	8	4	4	3	0.278528	0.149815	0.0718923	0.00166976	0.00752465	0.068728	44
32	32	8	4	8	3	0.229376	0.128842	0.0508142	0.00177473	0.00752465	0.068728	44
32	32	8	4	16	3	0.212992	0.13002	0.0517824	0.00198467	0.00752465	0.068728	44
32	32	8	5	1	3	0.654208	0.295617	0.241233	0	0.00752465	0.04686	30
32	32	8	5	2	3	0.420864	0.206686	0.128816	0.00161728	0.00752465	0.068728	44
32	32	8	5	4	3	0.279296	0.150531	0.0726083	0.00166976	0.00752465	0.068728	44
32	32	8	5	8	3	0.229376	0.129558	0.0515302	0.00177473	0.00752465	0.068728	44
32	32	8	5	16	3	0.210944	0.13094	0.052703	0.00198467	0.00752465	0.068728	44
32	32	16	2	1	2	0.358688	0.279462	0.240517	0	0.00752465	0.0314213	30
32	32	16	2	2	2	0.254624	0.183327	0.1281	0.00161728	0.00752465	0.0460845	44
32	32	16	2	4	2	0.187648	0.127171	0.0718923	0.00166976	0.00752465	0.0460845	44
32	32	16	2	8	2	0.166208	0.106198	0.0508142	0.00177473	0.00752465	0.0460845	44
32	32	16	2	16	2	0.180224	0.107376	0.0517824	0.00198467	0.00752465	0.0460845	44
32	32	16	3	1	2	0.356032	0.280895	0.241949	0	0.00752465	0.0314213	30
32	32	16	3	2	2	0.252928	0.184759	0.129532	0.00161728	0.00752465	0.0460845	44
32	32	16	3	4	2	0.18736	0.128603	0.0733243	0.00166976	0.00752465	0.0460845	44
32	32	16	3	8	2	0.148352	0.10763	0.0522463	0.00177473	0.00752465	0.0460845	44
32	32	16	3	16	2	0.154016	0.109217	0.0536236	0.00198467	0.00752465	0.0460845	44
32	32	16	4	1	2	0.317152	0.282327	0.243381	0	0.00752465	0.0314213	30
32	32	16	4	2	2	0.24624	0.186191	0.130964	0.00161728	0.00752465	0.0460845	44
32	32	16	4	4	2	0.17984	0.130035	0.0747564	0.00166976	0.00752465	0.0460845	44
32	32	16	4	8	2	0.16112	0.109062	0.0536783	0.00177473	0.00752465	0.0460845	44
32	32	16	4	16	2	0.16752	0.111059	0.0554649	0.00198467	0.00752465	0.0460845	44
32	32	16	5	1	2	0.34736	0.283759	0.244813	0	0.00752465	0.0314213	30
32	32	16	5	2	2	0.246944	0.187623	0.132397	0.00161728	0.00752465	0.0460845	44
32	32	16	5	4	2	0.181504	0.131467	0.0761885	0.00166976	0.00752465	0.0460845	44
32	32	16	5	8	2	0.162272	0.110494	0.0551104	0.00177473	0.00752465	0.0460845	44
32	32	16	5	16	2	0.169824	0.1129	0.0573061	0.00198467	0.00752465	0.0460845	44
32	32	32	2	1	2	0.341792	0.282327	0.243381	0	0.00752465	0.0314213	30
32	32	32	2	2	2	0.245088	0.186191	0.130964	0.00161728	0.00752465	0.0460845	44
32	32	32	2	4	2	0.18096	0.130035	0.0747564	0.00166976	0.00752465	0.0460845	44
32	32	32	2	8	2	0.160736	0.109062	0.0536783	0.00177473	0.00752465	0.0460845	44
32	32	32	2	16	2	0.168256	0.111059	0.0554649	0.00198467	0.00752465	0.0460845	44
32	32	32	3	1	2	0.341152	0.285191	0.246245	0	0.00752465	0.0314213	30
32	32	32	3	2	2	0.244864	0.189055	0.133829	0.00161728	0.00752465	0.0460845	44
32	32	32	3	4	2	0.180352	0.132899	0.0776205	0.00166976	0.00752465	0.0460845	44
32	32	32	3	8	2	0.161504	0.111926	0.0565425	0.00177473	0.00752465	0.0460845	44
32	32	32	3	16	2	0.171232	0.114741	0.0591473	0.00198467	0.00752465	0.0460845	44
32	32	32	4	1	2	0.33984	0.288055	0.249109	0	0.00752465	0.0314213	30
32	32	32	4	2	2	0.245024	0.191919	0.136693	0.00161728	0.00752465	0.0460845	44
32	32	32	4	4	2	0.180992	0.135764	0.0804847	0.00166976	0.00752465	0.0460845	44
32	32	32	4	8	2	0.163808	0.114791	0.0594066	0.00177473	0.00752465	0.0460845	44
32	32	32	4	16	2	0.174272	0.118424	0.0628298	0.00198467	0.00752465	0.0460845	44
32	32	32	5	1	2	0.340576	0.290919	0.251973	0	0.00752465	0.0314213	30
32	32	32	5	2	2	0.245952	0.194783	0.139557	0.00161728	0.00752465	0.0460845	44
32	32	32	5	4	2	0.182176	0.138628	0.0833488	0.00166976	0.00752465	0.0460845	44
32	32	32	5	8	2	0.16416	0.117655	0.0622708	0.00177473	0.00752465	0.0460845	44
32	32	32	5	16	2	0.174624	0.122106	0.0665122	0.00198467	0.00752465	0.0460845	44
32	64	8	2	1	3	0.910432	0.408033	0.353649	0	0.00752465	0.04686	30
32	64	8	2	2	3	0.537664	0.262894	0.185024	0.00161728	0.00752465	0.068728	44
32	64	8	2	4	3	0.332288	0.178635	0.100712	0.00166976	0.00752465	0.068728	44
32	64	8	2	8	3	0.23456	0.136584	0.0585563	0.00177473	0.00752465	0.068728	44
32	64	8	2	16	3	0.187488	0.120985	0.0427477	0.00198467	0.00752465	0.068728	44
32	64	8	3	1	2	0.472064	0.393669	0.354723	0	0.00752465	0.0314213	30
32	64	8	3	2	2	0.336672	0.241325	0.186099	0.00161728	0.00752465	0.0460845	44
32	64	8	3	4	2	0.232448	0.157065	0.101786	0.00166976	0.00752465	0.0460845	44
32	64	8	3	8	2	0.177472	0.115014	0.0596303	0.00177473	0.00752465	0.0460845	44
32	64	8	3	16	2	0.177376	0.0994156	0.0438218	0.00198467	0.00752465	0.0460845	44
32	64	8	4	1	2	0.520064	0.394743	0.355797	0	0.00752465	0.0314213	30
32	64	8	4	2	2	0.336192	0.242399	0.187173	0.00161728	0.00752465	0.0460845	44
32	64	8	4	4	2	0.23552	0.158139	0.10286	0.00166976	0.00752465	0.0460845	44
32	64	8	4	8	2	0.181248	0.116088	0.0607044	0.00177473	0.00752465	0.0460845	44
32	64	8	4	16	2	0.177408	0.10049	0.0448958	0.00198467	0.00752465	0.0460845	44
32	64	8	5	1	2	0.520032	0.395817	0.356871	0	0.00752465	0.0314213	30
32	64	8	5	2	2	0.335168	0.243473	0.188247	0.00161728	0.00752465	0.0460845	44
32	64	8	5	4	2	0.233664	0.159213	0.103934	0.00166976	0.00752465	0.0460845	44
32	64	8	5	8	2	0.1792	0.117162	0.0617784	0.00177473	0.00752465	0.0460845	44
32	64	8	5	16	2	0.177152	0.101564	0.0459699	0.00198467	0.00752465	0.0460845	44
32	64	16	2	1	2	0.484352	0.394743	0.355797	0	0.00752465	0.0314213	30
32	64	16	2	2	2	0.319808	0.242399	0.187173	0.00161728	0.00752465	0.0460845	44
32	64	16	2	4	2	0.221184	0.158139	0.10286	0.00166976	0.00752465	0.0460845	44
32	64	16	2	8	2	0.17424	0.116088	0.0607044	0.00177473	0.00752465	0.0460845	44
32	64	16	2	16	2	0.173984	0.10049	0.0448958	0.00198467	0.00752465	0.0460845	44
32	64	16	3	1	2	0.475136	0.396891	0.357945	0	0.00752465	0.0314213	30
32	64	16	3	2	2	0.319488	0.244547	0.189321	0.00161728	0.00752465	0.0460845	44
32	64	16	3	4	2	0.219392	0.160287	0.105009	0.00166976	0.00752465	0.0460845	44
32	64	16	3	8	2	0.171008	0.118236	0.0628525	0.00177473	0.00752465	0.0460845	44
32	64	16	3	16	2	0.176128	0.102638	0.0470439	0.00198467	0.00752465	0.0460845	44
32	64	16	4	1	2	0.475008	0.399039	0.360093	0	0.00752465	0.0314213	30
32	64	16	4	2	2	0.319392	0.246695	0.191469	0.00161728	0.00752465	0.0460845	44
32	64	16	4	4	2	0.22016	0.162436	0.107157	0.00166976	0.00752465	0.0460845	44
32	64	16	4	8	2	0.173248	0.120384	0.0650006	0.00177473	0.00752465	0.0460845	44
32	64	16	4	16	2	0.178016	0.104786	0.049192	0.00198467	0.00752465	0.0460845	44
32	64	16	5	1	2	0.475136	0.401187	0.362241	0	0.00752465	0.0314213	30
32	64	16	5	2	2	0.319392	0.248843	0.193617	0.00161728	0.00752465	0.0460845	44
32	64	16	5	4	2	0.22016	0.164584	0.109305	0.00166976	0.00752465	0.0460845	44
32	64	16	5	8	2	0.176384	0.122533	0.0671487	0.00177473	0.00752465	0.0460845	44
32	64	16	5	16	2	0.177984	0.106934	0.0513401	0.00198467	0.00752465	0.0460845	44
32	64	32	2	1	2	0.4904	0.399039	0.360093	0	0.00752465	0.0314213	30
32	64	32	2	2	2	0.324608	0.246695	0.191469	0.00161728	0.00752465	0.0460845	44
32	64	32	2	4	2	0.226304	0.162436	0.107157	0.00166976	0.00752465	0.0460845	44
32	64	32	2	8	2	0.181184	0.120384	0.0650006	0.00177473	0.00752465	0.0460845	44
32	64	32	2	16	2	0.178176	0.104786	0.049192	0.00198467	0.00752465	0.0460845	44
32	64	32	3	1	2	0.488672	0.403335	0.364389	0	0.00752465	0.0314213	30
32	64	32	3	2	2	0.322848	0.250991	0.195765	0.00161728	0.00752465	0.0460845	44
32	64	32	3	4	2	0.22432	0.166732	0.111453	0.00166976	0.00752465	0.0460845	44
32	64	32	3	8	2	0.1784	0.124681	0.0692968	0.00177473	0.00752465	0.0460845	44
32	64	32	3	16	2	0.178848	0.109082	0.0534882	0.00198467	0.00752465	0.0460845	44
32	64	32	4	1	2	0.488448	0.407631	0.368686	0	0.00752465	0.0314213	30
32	64	32	4	2	2	0.322848	0.255288	0.200061	0.00161728	0.00752465	0.0460845	44
32	64	32	4	4	2	0.22528	0.171028	0.115749	0.00166976	0.00752465	0.0460845	44
32	64	32	4	8	2	0.180224	0.128977	0.073593	0.00177473	0.00752465	0.0460845	44
32	64	32	4	16	2	0.165888	0.113378	0.0577844	0.00198467	0.00752465	0.0460845	44
32	64	32	5	1	1	0.48864	0.411883	0.372982	0	0.00752465	0.0313763	30
32	64	32	5	2	1	0.32272	0.259518	0.204357	0.00161728	0.00752465	0.0460185	44
32	64	32	5	4	1	0.223232	0.175258	0.120045	0.00166976	0.00752465	0.0460185	44
32	64	32	5	8	1	0.180384	0.133207	0.0778892	0.00177473	0.00752465	0.0460185	44
32	64	32	5	16	1	0.166048	0.127818	0.0722901	0.00198467	0.00752465	0.0460185	44
32	128	8	2	1	2	0.785184	0.621723	0.582777	0	0.00752465	0.0314213	30
32	128	8	2	2	2	0.47104	0.356963	0.301737	0.00161728	0.00752465	0.0460845	44
32	128	8	2	4	2	0.30416	0.216496	0.161217	0.00166976	0.00752465	0.0460845	44
32	128	8	2	8	2	0.214272	0.14634	0.0909565	0.00177473	0.00752465	0.0460845	44
32	128	8	2	16	2	0.18944	0.11142	0.0558265	0.00198467	0.00752465	0.0460845	44
32	128	8	3	1	2	0.770272	0.623513	0.584568	0	0.00752465	0.0314213	30
32	128	8	3	2	2	0.467968	0.358753	0.303527	0.00161728	0.00752465	0.0460845	44
32	128	8	3	4	2	0.290816	0.218286	0.163007	0.00166976	0.00752465	0.0460845	44
32	128	8	3	8	2	0.207872	0.14813	0.0927466	0.00177473	0.00752465	0.0460845	44
32	128	8	3	16	2	0.188448	0.11321	0.0576165	0.00198467	0.00752465	0.0460845	44
32	128	8	4	1	2	0.768	0.625304	0.586358	0	0.00752465	0.0314213	30
32	128	8	4	2	2	0.46784	0.360544	0.305317	0.00161728	0.00752465	0.0460845	44
32	128	8	4	4	2	0.29008	0.220076	0.164797	0.00166976	0.00752465	0.0460845	44
32	128	8	4	8	2	0.207872	0.149921	0.0945367	0.00177473	0.00752465	0.0460845	44
32	128	8	4	16	2	0.18832	0.115	0.0594066	0.00198467	0.00752465	0.0460845	44
32	128	8	5	1	2	0.769024	0.627094	0.588148	0	0.00752465	0.0314213	30
32	128	8	5	2	2	0.469248	0.362334	0.307107	0.00161728	0.00752465	0.0460845	44
32	128	8	5	4	2	0.302048	0.221866	0.166587	0.00166976	0.00752465	0.0460845	44
32	128	8	5	8	2	0.21504	0.151711	0.0963268	0.00177473	0.00752465	0.0460845	44
32	128	8	5	16	2	0.188416	0.116791	0.0611967	0.00198467	0.00752465	0.0460845	44
32	128	16	2	1	2	0.735104	0.625304	0.586358	0	0.00752465	0.0314213	30
32	128	16	2	2	2	0.449792	0.360544	0.305317	0.00161728	0.00752465	0.0460845	44
32	128	16	2	4	2	0.287744	0.220076	0.164797	0.00166976	0.00752465	0.0460845	44
32	128	16	2	8	2	0.208896	0.149921	0.0945367	0.00177473	0.00752465	0.0460845	44
32	128	16	2	16	2	0.188576	0.115	0.0594066	0.00198467	0.00752465	0.0460845	44
32	128	16	3	1	2	0.719872	0.628884	0.589938	0	0.00752465	0.0314213	30
32	128	16	3	2	2	0.437376	0.364124	0.308897	0.00161728	0.00752465	0.0460845	44
32	128	16	3	4	2	0.288064	0.223656	0.168377	0.00166976	0.00752465	0.0460845	44
32	128	16	3	8	2	0.20816	0.153501	0.0981169	0.00177473	0.00752465	0.0460845	44
32	128	16	3	16	2	0.188416	0.118581	0.0629868	0.00198467	0.00752465	0.0460845	44
32	128	16	4	1	2	0.719872	0.632464	0.593518	0	0.00752465	0.0314213	30
32	128	16	4	2	2	0.438272	0.367704	0.312477	0.00161728	0.00752465	0.0460845	44
32	128	16	4	4	2	0.288768	0.227236	0.171957	0.00166976	0.00752465	0.0460845	44
32	128	16	4	8	2	0.207104	0.157081	0.101697	0.00177473	0.00752465	0.0460845	44
32	128	16	4	16	2	0.176128	0.122161	0.066567	0.00198467	0.00752465	0.0460845	44
32	128	16	5	1	1	0.717824	0.635999	0.597098	0	0.00752465	0.0313763	30
32	128	16	5	2	1	0.437152	0.371218	0.316058	0.00161728	0.00752465	0.0460185	44
32	128	16	5	4	1	0.287904	0.23075	0.175537	0.00166976	0.00752465	0.0460185	44
32	128	16	5	8	1	0.207008	0.160595	0.105277	0.00177473	0.00752465	0.0460185	44
32	128	16	5	16	1	0.173248	0.125675	0.0701471	0.00198467	0.00752465	0.0460185	44
32	128	32	2	1	1	0.73616	0.632419	0.593518	0	0.00752465	0.0313763	30
32	128	32	2	2	1	0.451584	0.367638	0.312477	0.00161728	0.00752465	0.0460185	44
32	128	32	2	4	1	0.290944	0.22717	0.171957	0.00166976	0.00752465	0.0460185	44
32	128	32	2	8	1	0.207776	0.157015	0.101697	0.00177473	0.00752465	0.0460185	44
32	128	32	2	16	1	0.187392	0.122095	0.066567	0.00198467	0.00752465	0.0460185	44
32	128	32	3	1	1	0.736256	0.639579	0.600678	0	0.00752465	0.0313763	30
32	128	32	3	2	1	0.451584	0.374798	0.319638	0.00161728	0.00752465	0.0460185	44
32	128	32	3	4	1	0.289792	0.23433	0.179118	0.00166976	0.00752465	0.0460185	44
32	128	32	3	8	1	0.207872	0.164175	0.108857	0.00177473	0.00752465	0.0460185	44
32	128	32	3	16	1	0.173216	0.129255	0.0737273	0.00198467	0.00752465	0.0460185	44
32	128	32	4	1	1	0.750336	0.64674	0.607839	0	0.00752465	0.0313763	30
32	128	32	4	2	1	0.453632	0.381959	0.326798	0.00161728	0.00752465	0.0460185	44
32	128	32	4	4	1	0.301056	0.241491	0.186278	0.00166976	0.00752465	0.0460185	44
32	128	32	4	8	1	0.223232	0.171336	0.116018	0.00177473	0.00752465	0.0460185	44
32	128	32	4	16	1	0.17424	0.136415	0.0808876	0.00198467	0.00752465	0.0460185	44
32	256	8	2	1	2	1.29434	1.07998	1.04103	0	0.00752465	0.0314213	30
32	256	8	2	2	2	0.735232	0.590388	0.535162	0.00161728	0.00752465	0.0460845	44
32	256	8	2	4	2	0.435456	0.337504	0.282225	0.00166976	0.00752465	0.0460845	44
32	256	8	2	8	2	0.289792	0.211141	0.155757	0.00177473	0.00752465	0.0460845	44
32	256	8	2	16	2	0.226304	0.148117	0.0925229	0.00198467	0.00752465	0.0460845	44
32	256	8	3	1	2	1.26397	1.0832	1.04426	0	0.00752465	0.0314213	30
32	256	8	3	2	2	0.71968	0.59361	0.538384	0.00161728	0.00752465	0.0460845	44
32	256	8	3	4	2	0.42576	0.340726	0.285447	0.00166976	0.00752465	0.0460845	44
32	256	8	3	8	2	0.278528	0.214363	0.158979	0.00177473	0.00752465	0.0460845	44
32	256	8	3	16	2	0.22528	0.151339	0.0957451	0.00198467	0.00752465	0.0460845	44
32	256	8	4	1	2	1.27482	1.08642	1.04748	0	0.00752465	0.0314213	30
32	256	8	4	2	2	0.718848	0.596832	0.541606	0.00161728	0.00752465	0.0460845	44
32	256	8	4	4	2	0.4256	0.343949	0.28867	0.00166976	0.00752465	0.0460845	44
32	256	8	4	8	2	0.285696	0.217585	0.162201	0.00177473	0.00752465	0.0460845	44
32	256	8	4	16	2	0.21232	0.154561	0.0989672	0.00198467	0.00752465	0.0460845	44
32	256	8	5	1	2	1.27386	1.08965	1.0507	0	0.00752465	0.0314213	30
32	256	8	5	2	2	0.723968	0.600055	0.544828	0.00161728	0.00752465	0.0460845	44
32	256	8	5	4	2	0.433984	0.347171	0.291892	0.00166976	0.00752465	0.0460845	44
32	256	8	5	8	2	0.289792	0.220807	0.165423	0.00177473	0.00752465	0.0460845	44
32	256	8	5	16	2	0.217088	0.157783	0.102189	0.00198467	0.00752465	0.0460845	44
32	256	16	2	1	1	1.2032	1.08638	1.04748	0	0.00752465	0.0313763	30
32	256	16	2	2	1	0.686048	0.596766	0.541606	0.00161728	0.00752465	0.0460185	44
32	256	16	2	4	1	0.40832	0.343883	0.28867	0.00166976	0.00752465	0.0460185	44
32	256	16	2	8	1	0.27648	0.217519	0.162201	0.00177473	0.00752465	0.0460185	44
32	256	16	2	16	1	0.224256	0.154495	0.0989672	0.00198467	0.00752465	0.0460185	44
32	256	16	3	1	1	1.21155	1.09282	1.05392	0	0.00752465	0.0313763	30
32	256	16	3	2	1	0.68704	0.603211	0.54805	0.00161728	0.00752465	0.0460185	44
32	256	16	3	4	1	0.4096	0.350327	0.295114	0.00166976	0.00752465	0.0460185	44
32	256	16	3	8	1	0.275456	0.223964	0.168646	0.00177473	0.00752465	0.0460185	44
32	256	16	3	16	1	0.209056	0.160939	0.105412	0.00198467	0.00752465	0.0460185	44
32	256	16	4	1	1	1.21363	1.09927	1.06037	0	0.00752465	0.0313763	30
32	256	16	4	2	1	0.699168	0.609655	0.554495	0.00161728	0.00752465	0.0460185	44
32	256	16	4	4	1	0.422048	0.356771	0.301558	0.00166976	0.00752465	0.0460185	44
32	256	16	4	8	1	0.277728	0.230408	0.17509	0.00177473	0.00752465	0.0460185	44
32	256	16	4	16	1	0.208896	0.167384	0.111856	0.00198467	0.00752465	0.0460185	44
32	256	16	5	1	1	1.21856	1.10571	1.06681	0	0.00752465	0.0313763	30
32	256	16	5	2	1	0.701216	0.616099	0.560939	0.00161728	0.00752465	0.0460185	44
32	256	16	5	4	1	0.424064	0.363215	0.308003	0.00166976	0.00752465	0.0460185	44
32	256	16	5	8	1	0.288768	0.236852	0.181534	0.00177473	0.00752465	0.0460185	44
32	256	16	5	16	1	0.210816	0.173828	0.1183	0.00198467	0.00752465	0.0460185	44
32	256	32	2	1	1	1.25629	1.09927	1.06037	0	0.00752465	0.0313763	30
32	256	32	2	2	1	0.718848	0.609655	0.554495	0.00161728	0.00752465	0.0460185	44
32	256	32	2	4	1	0.426144	0.356771	0.301558	0.00166976	0.00752465	0.0460185	44
32	256	32	2	8	1	0.290816	0.230408	0.17509	0.00177473	0.00752465	0.0460185	44
32	256	32	2	16	1	0.214048	0.167384	0.111856	0.00198467	0.00752465	0.0460185	44
64	16	16	2	1	2	0.418816	0.336387	0.297441	0	0.00752465	0.0314213	30
64	16	16	2	2	2	0.285696	0.212147	0.15692	0.00161728	0.00752465	0.0460845	44
64	16	16	2	4	2	0.224256	0.159504	0.104225	0.00166976	0.00752465	0.0460845	44
64	16	16	2	8	2	0.22112	0.155512	0.100129	0.00177473	0.00752465	0.0460845	44
64	16	16	2	16	2	0.250112	0.172123	0.116529	0.00198467	0.00752465	0.0460845	44
64	16	16	3	1	2	0.405504	0.338177	0.299231	0	0.00752465	0.0314213	30
64	16	16	3	2	2	0.281696	0.213937	0.158711	0.00161728	0.00752465	0.0460845	44
64	16	16	3	4	2	0.22416	0.161294	0.106015	0.00166976	0.00752465	0.0460845	44
64	16	16	3	8	2	0.220416	0.157814	0.10243	0.00177473	0.00752465	0.0460845	44
64	16	16	3	16	2	0.258048	0.176214	0.12062	0.00198467	0.00752465	0.0460845	44
64	16	16	4	1	2	0.40576	0.339967	0.301021	0	0.00752465	0.0314213	30
64	16	16	4	2	2	0.285696	0.215727	0.160501	0.00161728	0.00752465	0.0460845	44
64	16	16	4	4	2	0.224256	0.163084	0.107806	0.00166976	0.00752465	0.0460845	44
64	16	16	4	8	2	0.220896	0.160116	0.104732	0.00177473	0.00752465	0.0460845	44
64	16	16	4	16	2	0.258912	0.180306	0.124712	0.00198467	0.00752465	0.0460845	44
64	16	16	5	1	2	0.406528	0.341757	0.302811	0	0.00752465	0.0314213	30
64	16	16	5	2	2	0.284608	0.217517	0.162291	0.00161728	0.00752465	0.0460845	44
64	16	16	5	4	2	0.223488	0.164875	0.109596	0.00166976	0.00752465	0.0460845	44
64	16	16	5	8	2	0.209056	0.162417	0.107033	0.00177473	0.00752465	0.0460845	44
64	16	16	5	16	2	0.239712	0.184397	0.128804	0.00198467	0.00752465	0.0460845	44
64	16	32	2	1	2	0.405792	0.339967	0.301021	0	0.00752465	0.0314213	30
64	16	32	2	2	2	0.284672	0.215727	0.160501	0.00161728	0.00752465	0.0460845	44
64	16	32	2	4	2	0.225984	0.163084	0.107806	0.00166976	0.00752465	0.0460845	44
64	16	32	2	8	2	0.21936	0.160116	0.104732	0.00177473	0.00752465	0.0460845	44
64	16	32	2	16	2	0.257248	0.180306	0.124712	0.00198467	0.00752465	0.0460845	44
64	16	32	3	1	2	0.417792	0.343547	0.304601	0	0.00752465	0.0314213	30
64	16	32	3	2	2	0.285696	0.219307	0.164081	0.00161728	0.00752465	0.0460845	44
64	16	32	3	4	2	0.223488	0.166665	0.111386	0.00166976	0.00752465	0.0460845	44
64	16	32	3	8	2	0.226592	0.164719	0.109335	0.00177473	0.00752465	0.0460845	44
64	16	32	3	16	2	0.265216	0.188489	0.132895	0.00198467	0.00752465	0.0460845	44
64	16	32	4	1	2	0.417888	0.347127	0.308181	0	0.00752465	0.0314213	30
64	16	32	4	2	2	0.285696	0.222887	0.167661	0.00161728	0.00752465	0.0460845	44
64	16	32	4	4	2	0.227072	0.170245	0.114966	0.00166976	0.00752465	0.0460845	44
64	16	32	4	8	2	0.23056	0.169322	0.113938	0.00177473	0.00752465	0.0460845	44
64	16	32	4	16	2	0.258016	0.196672	0.141079	0.00198467	0.00752465	0.0460845	44
64	16	32	5	1	1	0.41472	0.350662	0.311761	0	0.00752465	0.0313763	30
64	16	32	5	2	1	0.285504	0.226402	0.171241	0.00161728	0.00752465	0.0460185	44
64	16	32	5	4	1	0.229536	0.182536	0.127323	0.00166976	0.00752465	0.0460185	44
64	16	32	5	8	1	0.238752	0.20458	0.149262	0.00177473	0.00752465	0.0460185	44
64	16	32	5	16	1	0.280736	0.275009	0.219481	0.00198467	0.00752465	0.0460185	44
64	32	8	2	1	2	0.5072	0.392595	0.353649	0	0.00752465	0.0314213	30
64	32	8	2	2	2	0.334752	0.240251	0.185024	0.00161728	0.00752465	0.0460845	44
64	32	8	2	4	2	0.230048	0.155991	0.100712	0.00166976	0.00752465	0.0460845	44
64	32	8	2	8	2	0.191616	0.124479	0.0690953	0.00177473	0.00752465	0.0460845	44
64	32	8	2	16	2	0.203488	0.124105	0.0685115	0.00198467	0.00752465	0.0460845	44
64	32	8	3	1	2	0.500992	0.393669	0.354723	0	0.00752465	0.0314213	30
64	32	8	3	2	2	0.325632	0.241325	0.186099	0.00161728	0.00752465	0.0460845	44
64	32	8	3	4	2	0.223168	0.157065	0.101786	0.00166976	0.00752465	0.0460845	44
64	32	8	3	8	2	0.188416	0.125553	0.0701693	0.00177473	0.00752465	0.0460845	44
64	32	8	3	16	2	0.206848	0.125486	0.0698925	0.00198467	0.00752465	0.0460845	44
64	32	8	4	1	2	0.50208	0.394743	0.355797	0	0.00752465	0.0314213	30
64	32	8	4	2	2	0.325312	0.242399	0.187173	0.00161728	0.00752465	0.0460845	44
64	32	8	4	4	2	0.222208	0.158139	0.10286	0.00166976	0.00752465	0.0460845	44
64	32	8	4	8	2	0.19072	0.126627	0.0712434	0.00177473	0.00752465	0.0460845	44
64	32	8	4	16	2	0.208768	0.126867	0.0712734	0.00198467	0.00752465	0.0460845	44
64	32	8	5	1	2	0.503808	0.395817	0.356871	0	0.00752465	0.0314213	30
64	32	8	5	2	2	0.325664	0.243473	0.188247	0.00161728	0.00752465	0.0460845	44
64	32	8	5	4	2	0.224256	0.159213	0.103934	0.00166976	0.00752465	0.0460845	44
64	32	8	5	8	2	0.191424	0.127701	0.0723174	0.00177473	0.00752465	0.0460845	44
64	32	8	5	16	2	0.207872	0.128248	0.0726543	0.00198467	0.00752465	0.0460845	44
64	32	16	2	1	2	0.474944	0.394743	0.355797	0	0.00752465	0.0314213	30
64	32	16	2	2	2	0.316672	0.242399	0.187173	0.00161728	0.00752465	0.0460845	44
64	32	16	2	4	2	0.220384	0.158139	0.10286	0.00166976	0.00752465	0.0460845	44
64	32	16	2	8	2	0.184	0.126627	0.0712434	0.00177473	0.00752465	0.0460845	44
64	32	16	2	16	2	0.200704	0.126867	0.0712734	0.00198467	0.00752465	0.0460845	44
64	32	16	3	1	2	0.470304	0.396891	0.357945	0	0.00752465	0.0314213	30
64	32	16	3	2	2	0.313344	0.244547	0.189321	0.00161728	0.00752465	0.0460845	44
64	32	16	3	4	2	0.219392	0.160287	0.105009	0.00166976	0.00752465	0.0460845	44
64	32	16	3	8	2	0.183936	0.128775	0.0733915	0.00177473	0.00752465	0.0460845	44
64	32	16	3	16	2	0.202752	0.129629	0.0740352	0.00198467	0.00752465	0.0460845	44
64	32	16	4	1	2	0.472064	0.399039	0.360093	0	0.00752465	0.0314213	30
64	32	16	4	2	2	0.309248	0.246695	0.191469	0.00161728	0.00752465	0.0460845	44
64	32	16	4	4	2	0.218944	0.162436	0.107157	0.00166976	0.00752465	0.0460845	44
64	32	16	4	8	2	0.185344	0.130923	0.0755396	0.00177473	0.00752465	0.0460845	44
64	32	16	4	16	2	0.207008	0.132391	0.0767971	0.00198467	0.00752465	0.0460845	44
64	32	16	5	1	2	0.470016	0.401187	0.362241	0	0.00752465	0.0314213	30
64	32	16	5	2	2	0.31568	0.248843	0.193617	0.00161728	0.00752465	0.0460845	44
64	32	16	5	4	2	0.220384	0.164584	0.109305	0.00166976	0.00752465	0.0460845	44
64	32	16	5	8	2	0.187392	0.133072	0.0776877	0.00177473	0.00752465	0.0460845	44
64	32	16	5	16	2	0.208128	0.135153	0.0795589	0.00198467	0.00752465	0.0460845	44
64	32	32	2	1	2	0.472928	0.399039	0.360093	0	0.00752465	0.0314213	30
64	32	32	2	2	2	0.31744	0.246695	0.191469	0.00161728	0.00752465	0.0460845	44
64	32	32	2	4	2	0.21936	0.162436	0.107157	0.00166976	0.00752465	0.0460845	44
64	32	32	2	8	2	0.189696	0.130923	0.0755396	0.00177473	0.00752465	0.0460845	44
64	32	32	2	16	2	0.206848	0.132391	0.0767971	0.00198467	0.00752465	0.0460845	44
64	32	32	3	1	2	0.486336	0.403335	0.364389	0	0.00752465	0.0314213	30
64	32	32	3	2	2	0.318464	0.250991	0.195765	0.00161728	0.00752465	0.0460845	44
64	32	32	3	4	2	0.219392	0.166732	0.111453	0.00166976	0.00752465	0.0460845	44
64	32	32	3	8	2	0.19456	0.13522	0.0798358	0.00177473	0.00752465	0.0460845	44
64	32	32	3	16	2	0.213216	0.137915	0.0823208	0.00198467	0.00752465	0.0460845	44
64	32	32	4	1	2	0.488512	0.407631	0.368686	0	0.00752465	0.0314213	30
64	32	32	4	2	2	0.318464	0.255288	0.200061	0.00161728	0.00752465	0.0460845	44
64	32	32	4	4	2	0.222208	0.171028	0.115749	0.00166976	0.00752465	0.0460845	44
64	32	32	4	8	2	0.192768	0.139516	0.084132	0.00177473	0.00752465	0.0460845	44
64	32	32	4	16	2	0.199936	0.143438	0.0878445	0.00198467	0.00752465	0.0460845	44
64	32	32	5	1	1	0.4864	0.411883	0.372982	0	0.00752465	0.0313763	30
64	32	32	5	2	1	0.317568	0.259518	0.204357	0.00161728	0.00752465	0.0460185	44
64	32	32	5	4	1	0.22032	0.175258	0.120045	0.00166976	0.00752465	0.0460185	44
64	32	32	5	8	1	0.19456	0.153956	0.0986377	0.00177473	0.00752465	0.0460185	44
64	32	32	5	16	1	0.211968	0.184629	0.129101	0.00198467	0.00752465	0.0460185	44
64	64	8	2	1	2	0.645408	0.508591	0.469645	0	0.00752465	0.0314213	30
64	64	8	2	2	2	0.39936	0.300039	0.244813	0.00161728	0.00752465	0.0460845	44
64	64	8	2	4	2	0.26704	0.187675	0.132397	0.00166976	0.00752465	0.0460845	44
64	64	8	2	8	2	0.196608	0.131572	0.0761885	0.00177473	0.00752465	0.0460845	44
64	64	8	2	16	2	0.186368	0.110704	0.0551104	0.00198467	0.00752465	0.0460845	44
64	64	8	3	1	2	0.633856	0.510023	0.471077	0	0.00752465	0.0314213	30
64	64	8	3	2	2	0.39616	0.301471	0.246245	0.00161728	0.00752465	0.0460845	44
64	64	8	3	4	2	0.25728	0.189108	0.133829	0.00166976	0.00752465	0.0460845	44
64	64	8	3	8	2	0.19456	0.133004	0.0776205	0.00177473	0.00752465	0.0460845	44
64	64	8	3	16	2	0.185344	0.112136	0.0565425	0.00198467	0.00752465	0.0460845	44
64	64	8	4	1	2	0.634592	0.511455	0.472509	0	0.00752465	0.0314213	30
64	64	8	4	2	2	0.398624	0.302903	0.247677	0.00161728	0.00752465	0.0460845	44
64	64	8	4	4	2	0.25936	0.19054	0.135261	0.00166976	0.00752465	0.0460845	44
64	64	8	4	8	2	0.196608	0.134436	0.0790526	0.00177473	0.00752465	0.0460845	44
64	64	8	4	16	2	0.185344	0.113568	0.0579746	0.00198467	0.00752465	0.0460845	44
64	64	8	5	1	2	0.638016	0.512887	0.473941	0	0.00752465	0.0314213	30
64	64	8	5	2	2	0.40176	0.304335	0.249109	0.00161728	0.00752465	0.0460845	44
64	64	8	5	4	2	0.265344	0.191972	0.136693	0.00166976	0.00752465	0.0460845	44
64	64	8	5	8	2	0.196608	0.135869	0.0804847	0.00177473	0.00752465	0.0460845	44
64	64	8	5	16	2	0.188096	0.115	0.0594066	0.00198467	0.00752465	0.0460845	44
64	64	16	2	1	2	0.601312	0.511455	0.472509	0	0.00752465	0.0314213	30
64	64	16	2	2	2	0.375808	0.302903	0.247677	0.00161728	0.00752465	0.0460845	44
64	64	16	2	4	2	0.253184	0.19054	0.135261	0.00166976	0.00752465	0.0460845	44
64	64	16	2	8	2	0.18944	0.134436	0.0790526	0.00177473	0.00752465	0.0460845	44
64	64	16	2	16	2	0.18544	0.113568	0.0579746	0.00198467	0.00752465	0.0460845	44
64	64	16	3	1	2	0.590848	0.514319	0.475373	0	0.00752465	0.0314213	30
64	64	16	3	2	2	0.372736	0.305767	0.250541	0.00161728	0.00752465	0.0460845	44
64	64	16	3	4	2	0.253952	0.193404	0.138125	0.00166976	0.00752465	0.0460845	44
64	64	16	3	8	2	0.190688	0.137301	0.0819167	0.00177473	0.00752465	0.0460845	44
64	64	16	3	16	2	0.186592	0.116433	0.0608387	0.00198467	0.00752465	0.0460845	44
64	64	16	4	1	2	0.592896	0.517184	0.478238	0	0.00752465	0.0314213	30
64	64	16	4	2	2	0.372992	0.308632	0.253405	0.00161728	0.00752465	0.0460845	44
64	64	16	4	4	2	0.253184	0.196268	0.140989	0.00166976	0.00752465	0.0460845	44
64	64	16	4	8	2	0.191392	0.140165	0.0847809	0.00177473	0.00752465	0.0460845	44
64	64	16	4	16	2	0.1856	0.119297	0.0637028	0.00198467	0.00752465	0.0460845	44
64	64	16	5	1	2	0.597312	0.520048	0.481102	0	0.00752465	0.0314213	30
64	64	16	5	2	2	0.379904	0.311496	0.256269	0.00161728	0.00752465	0.0460845	44
64	64	16	5	4	2	0.252928	0.199132	0.143853	0.00166976	0.00752465	0.0460845	44
64	64	16	5	8	2	0.192768	0.143029	0.087645	0.00177473	0.00752465	0.0460845	44
64	64	16	5	16	2	0.172032	0.122161	0.066567	0.00198467	0.00752465	0.0460845	44
64	64	32	2	1	2	0.602816	0.517184	0.478238	0	0.00752465	0.0314213	30
64	64	32	2	2	2	0.383968	0.308632	0.253405	0.00161728	0.00752465	0.0460845	44
64	64	32	2	4	2	0.253728	0.196268	0.140989	0.00166976	0.00752465	0.0460845	44
64	64	32	2	8	2	0.192512	0.140165	0.0847809	0.00177473	0.00752465	0.0460845	44
64	64	32	2	16	2	0.1856	0.119297	0.0637028	0.00198467	0.00752465	0.0460845	44
64	64	32	3	1	2	0.601312	0.522912	0.483966	0	0.00752465	0.0314213	30
64	64	32	3	2	2	0.384256	0.31436	0.259133	0.00161728	0.00752465	0.0460845	44
64	64	32	3	4	2	0.255232	0.201996	0.146717	0.00166976	0.00752465	0.0460845	44
64	64	32	3	8	2	0.19456	0.145893	0.0905091	0.00177473	0.00752465	0.0460845	44
64	64	32	3	16	2	0.173056	0.125025	0.0694311	0.00198467	0.00752465	0.0460845	44
64	64	32	4	1	1	0.603008	0.528595	0.489694	0	0.00752465	0.0313763	30
64	64	32	4	2	1	0.382944	0.320022	0.264862	0.00161728	0.00752465	0.0460185	44
64	64	32	4	4	1	0.254976	0.207658	0.152446	0.00166976	0.00752465	0.0460185	44
64	64	32	4	8	1	0.191488	0.151555	0.0962374	0.00177473	0.00752465	0.0460185	44
64	64	32	4	16	1	0.175104	0.142124	0.0865963	0.00198467	0.00752465	0.0460185	44
64	64	32	5	1	1	0.60304	0.534323	0.495422	0	0.00752465	0.0313763	30
64	64	32	5	2	1	0.355328	0.32575	0.27059	0.00161728	0.00752465	0.0460185	44
64	64	32	5	4	1	0.246784	0.213387	0.158174	0.00166976	0.00752465	0.0460185	44
64	64	32	5	8	1	0.187392	0.157284	0.101966	0.00177473	0.00752465	0.0460185	44
64	64	32	5	16	1	0.182272	0.149489	0.0939612	0.00198467	0.00752465	0.0460185	44
64	128	8	2	1	2	0.917504	0.740584	0.701638	0	0.00752465	0.0314213	30
64	128	8	2	2	2	0.535776	0.419616	0.364389	0.00161728	0.00752465	0.0460845	44
64	128	8	2	4	2	0.336896	0.251044	0.195765	0.00166976	0.00752465	0.0460845	44
64	128	8	2	8	2	0.238592	0.166837	0.111453	0.00177473	0.00752465	0.0460845	44
64	128	8	2	16	2	0.186432	0.124891	0.0692968	0.00198467	0.00752465	0.0460845	44
64	128	8	3	1	2	0.835392	0.742732	0.703786	0	0.00752465	0.0314213	30
64	128	8	3	2	2	0.536832	0.421764	0.366537	0.00161728	0.00752465	0.0460845	44
64	128	8	3	4	2	0.336736	0.253192	0.197913	0.00166976	0.00752465	0.0460845	44
64	128	8	3	8	2	0.239744	0.168985	0.113601	0.00177473	0.00752465	0.0460845	44
64	128	8	3	16	2	0.201728	0.127039	0.0714449	0.00198467	0.00752465	0.0460845	44
64	128	8	4	1	2	0.9024	0.74488	0.705934	0	0.00752465	0.0314213	30
64	128	8	4	2	2	0.483104	0.423912	0.368686	0.00161728	0.00752465	0.0460845	44
64	128	8	4	4	2	0.297792	0.25534	0.200061	0.00166976	0.00752465	0.0460845	44
64	128	8	4	8	2	0.211168	0.171133	0.115749	0.00177473	0.00752465	0.0460845	44
64	128	8	4	16	2	0.183264	0.129187	0.073593	0.00198467	0.00752465	0.0460845	44
64	128	8	5	1	2	0.905856	0.747028	0.708082	0	0.00752465	0.0314213	30
64	128	8	5	2	2	0.530784	0.42606	0.370834	0.00161728	0.00752465	0.0460845	44
64	128	8	5	4	2	0.327296	0.257488	0.202209	0.00166976	0.00752465	0.0460845	44
64	128	8	5	8	2	0.229696	0.173281	0.117897	0.00177473	0.00752465	0.0460845	44
64	128	8	5	16	2	0.187264	0.131335	0.0757411	0.00198467	0.00752465	0.0460845	44
64	128	16	2	1	2	0.781472	0.74488	0.705934	0	0.00752465	0.0314213	30
64	128	16	2	2	2	0.504128	0.423912	0.368686	0.00161728	0.00752465	0.0460845	44
64	128	16	2	4	2	0.322592	0.25534	0.200061	0.00166976	0.00752465	0.0460845	44
64	128	16	2	8	2	0.227328	0.171133	0.115749	0.00177473	0.00752465	0.0460845	44
64	128	16	2	16	2	0.194784	0.129187	0.073593	0.00198467	0.00752465	0.0460845	44
64	128	16	3	1	2	0.851296	0.749176	0.71023	0	0.00752465	0.0314213	30
64	128	16	3	2	2	0.505856	0.428208	0.372982	0.00161728	0.00752465	0.0460845	44
64	128	16	3	4	2	0.32256	0.259636	0.204357	0.00166976	0.00752465	0.0460845	44
64	128	16	3	8	2	0.226304	0.175429	0.120045	0.00177473	0.00752465	0.0460845	44
64	128	16	3	16	2	0.196608	0.133483	0.0778892	0.00198467	0.00752465	0.0460845	44
64	128	16	4	1	2	0.837824	0.753472	0.714527	0	0.00752465	0.0314213	30
64	128	16	4	2	2	0.503008	0.432504	0.377278	0.00161728	0.00752465	0.0460845	44
64	128	16	4	4	2	0.32256	0.263933	0.208654	0.00166976	0.00752465	0.0460845	44
64	128	16	4	8	2	0.228352	0.179725	0.124341	0.00177473	0.00752465	0.0460845	44
64	128	16	4	16	2	0.176128	0.137779	0.0821854	0.00198467	0.00752465	0.0460845	44
64	128	16	5	1	1	0.782336	0.757724	0.718823	0	0.00752465	0.0313763	30
64	128	16	5	2	1	0.50912	0.436735	0.381574	0.00161728	0.00752465	0.0460185	44
64	128	16	5	4	1	0.321728	0.268163	0.21295	0.00166976	0.00752465	0.0460185	44
64	128	16	5	8	1	0.22944	0.183956	0.128638	0.00177473	0.00752465	0.0460185	44
64	128	16	5	16	1	0.187584	0.142009	0.0864816	0.00198467	0.00752465	0.0460185	44
64	128	32	2	1	1	0.851136	0.753427	0.714527	0	0.00752465	0.0313763	30
64	128	32	2	2	1	0.512192	0.432438	0.377278	0.00161728	0.00752465	0.0460185	44
64	128	32	2	4	1	0.322688	0.263867	0.208654	0.00166976	0.00752465	0.0460185	44
64	128	32	2	8	1	0.224992	0.179659	0.124341	0.00177473	0.00752465	0.0460185	44
64	128	32	2	16	1	0.183456	0.137713	0.0821854	0.00198467	0.00752465	0.0460185	44
64	128	32	3	1	1	0.852128	0.76202	0.723119	0	0.00752465	0.0313763	30
64	128	32	3	2	1	0.516896	0.441031	0.38587	0.00161728	0.00752465	0.0460185	44
64	128	32	3	4	1	0.322688	0.272459	0.217246	0.00166976	0.00752465	0.0460185	44
64	128	32	3	8	1	0.230592	0.188252	0.132934	0.00177473	0.00752465	0.0460185	44
64	128	32	3	16	1	0.189536	0.146306	0.0907778	0.00198467	0.00752465	0.0460185	44
64	128	32	4	1	1	0.86608	0.770612	0.731711	0	0.00752465	0.0313763	30
64	128	32	4	2	1	0.518144	0.449623	0.394463	0.00161728	0.00752465	0.0460185	44
64	128	32	4	4	1	0.336832	0.281051	0.225838	0.00166976	0.00752465	0.0460185	44
64	128	32	4	8	1	0.239616	0.196844	0.141526	0.00177473	0.00752465	0.0460185	44
64	128	32	4	16	1	0.190432	0.154898	0.0993702	0.00198467	0.00752465	0.0460185	44
64	256	8	2	1	1	1.41203	1.20452	1.16562	0	0.00752465	0.0313763	30
64	256	8	2	2	1	0.788608	0.658703	0.603542	0.00161728	0.00752465	0.0460185	44
64	256	8	2	4	1	0.470016	0.377715	0.322502	0.00166976	0.00752465	0.0460185	44
64	256	8	2	8	1	0.29712	0.2373	0.181982	0.00177473	0.00752465	0.0460185	44
64	256	8	2	16	1	0.236448	0.167249	0.111722	0.00198467	0.00752465	0.0460185	44
64	256	8	3	1	1	1.42746	1.2081	1.1692	0	0.00752465	0.0313763	30
64	256	8	3	2	1	0.799744	0.662283	0.607123	0.00161728	0.00752465	0.0460185	44
64	256	8	3	4	1	0.472064	0.381295	0.326082	0.00166976	0.00752465	0.0460185	44
64	256	8	3	8	1	0.308224	0.24088	0.185562	0.00177473	0.00752465	0.0460185	44
64	256	8	3	16	1	0.24064	0.17083	0.115302	0.00198467	0.00752465	0.0460185	44
64	256	8	4	1	1	1.4233	1.21168	1.17278	0	0.00752465	0.0313763	30
64	256	8	4	2	1	0.799712	0.665863	0.610703	0.00161728	0.00752465	0.0460185	44
64	256	8	4	4	1	0.472064	0.384875	0.329662	0.00166976	0.00752465	0.0460185	44
64	256	8	4	8	1	0.308032	0.24446	0.189142	0.00177473	0.00752465	0.0460185	44
64	256	8	4	16	1	0.227104	0.17441	0.118882	0.00198467	0.00752465	0.0460185	44
64	256	8	5	1	1	1.41507	1.21526	1.17636	0	0.00752465	0.0313763	30
64	256	8	5	2	1	0.799744	0.669443	0.614283	0.00161728	0.00752465	0.0460185	44
64	256	8	5	4	1	0.473088	0.388455	0.333242	0.00166976	0.00752465	0.0460185	44
64	256	8	5	8	1	0.308224	0.24804	0.192722	0.00177473	0.00752465	0.0460185	44
64	256	8	5	16	1	0.22544	0.17799	0.122462	0.00198467	0.00752465	0.0460185	44
64	256	16	2	1	1	1.35066	1.21168	1.17278	0	0.00752465	0.0313763	30
64	256	16	2	2	1	0.766976	0.665863	0.610703	0.00161728	0.00752465	0.0460185	44
64	256	16	2	4	1	0.4568	0.384875	0.329662	0.00166976	0.00752465	0.0460185	44
64	256	16	2	8	1	0.29408	0.24446	0.189142	0.00177473	0.00752465	0.0460185	44
64	256	16	2	16	1	0.219232	0.17441	0.118882	0.00198467	0.00752465	0.0460185	44
64	256	16	3	1	1	1.35466	1.21885	1.17994	0	0.00752465	0.0313763	30
64	256	16	3	2	1	0.768128	0.673024	0.617863	0.00161728	0.00752465	0.0460185	44
64	256	16	3	4	1	0.456896	0.392036	0.336823	0.00166976	0.00752465	0.0460185	44
64	256	16	3	8	1	0.29696	0.25162	0.196302	0.00177473	0.00752465	0.0460185	44
64	256	16	3	16	1	0.228128	0.18157	0.126042	0.00198467	0.00752465	0.0460185	44
64	256	16	4	1	1	1.35987	1.22601	1.1871	0	0.00752465	0.0313763	30
64	256	16	4	2	1	0.76912	0.680184	0.625023	0.00161728	0.00752465	0.0460185	44
64	256	16	4	4	1	0.458752	0.399196	0.343983	0.00166976	0.00752465	0.0460185	44
64	256	16	4	8	1	0.307072	0.258781	0.203463	0.00177473	0.00752465	0.0460185	44
64	256	16	4	16	1	0.227328	0.18873	0.133203	0.00198467	0.00752465	0.0460185	44
64	256	32	2	1	1	69.846	1.22601	1.1871	0	0.00752465	0.0313763	30
64	256	32	2	2	1	35.0689	0.680184	0.625023	0.00161728	0.00752465	0.0460185	44
64	256	32	2	4	1	17.6773	0.399196	0.343983	0.00166976	0.00752465	0.0460185	44
64	256	32	2	8	1	8.9897	0.258781	0.203463	0.00177473	0.00752465	0.0460185	44
64	256	32	2	16	1	4.73683	0.18873	0.133203	0.00198467	0.00752465	0.0460185	44
128	16	16	2	1	2	0.634208	0.565515	0.526569	0	0.00752465	0.0314213	30
128	16	16	2	2	2	0.396	0.328859	0.273633	0.00161728	0.00752465	0.0460845	44
128	16	16	2	4	2	0.299008	0.234061	0.178782	0.00166976	0.00752465	0.0460845	44
128	16	16	2	8	2	0.285376	0.22427	0.168886	0.00177473	0.00752465	0.0460845	44
128	16	16	2	16	2	0.323584	0.245177	0.189583	0.00198467	0.00752465	0.0460845	44
128	16	16	3	1	2	0.631808	0.568737	0.529791	0	0.00752465	0.0314213	30
128	16	16	3	2	2	0.389248	0.332081	0.276855	0.00161728	0.00752465	0.0460845	44
128	16	16	3	4	2	0.296992	0.237283	0.182004	0.00166976	0.00752465	0.0460845	44
128	16	16	3	8	2	0.284672	0.228413	0.173029	0.00177473	0.00752465	0.0460845	44
128	16	16	3	16	2	0.328704	0.252542	0.196948	0.00198467	0.00752465	0.0460845	44
128	16	16	4	1	2	0.631808	0.57196	0.533014	0	0.00752465	0.0314213	30
128	16	16	4	2	2	0.39728	0.335304	0.280077	0.00161728	0.00752465	0.0460845	44
128	16	16	4	4	2	0.299008	0.240505	0.185226	0.00166976	0.00752465	0.0460845	44
128	16	16	4	8	2	0.288832	0.232556	0.177172	0.00177473	0.00752465	0.0460845	44
128	16	16	4	16	2	0.332448	0.259906	0.204313	0.00198467	0.00752465	0.0460845	44
128	16	16	5	1	2	0.632832	0.575182	0.536236	0	0.00752465	0.0314213	30
128	16	16	5	2	2	0.39664	0.338526	0.283299	0.00161728	0.00752465	0.0460845	44
128	16	16	5	4	2	0.299872	0.243727	0.188448	0.00166976	0.00752465	0.0460845	44
128	16	16	5	8	2	0.290816	0.236699	0.181315	0.00177473	0.00752465	0.0460845	44
128	16	16	5	16	2	0.323936	0.267271	0.211678	0.00198467	0.00752465	0.0460845	44
128	16	32	2	1	1	0.635744	0.571915	0.533014	0	0.00752465	0.0313763	30
128	16	32	2	2	1	0.39856	0.335238	0.280077	0.00161728	0.00752465	0.0460185	44
128	16	32	3	1	1	0.58368	0.578359	0.539458	0	0.00752465	0.0313763	30
128	16	32	3	2	1	0.367616	0.341682	0.286521	0.00161728	0.00752465	0.0460185	44
128	16	32	3	4	1	0.298112	0.256479	0.201266	0.00166976	0.00752465	0.0460185	44
128	16	32	3	8	1	0.299072	0.27436	0.219042	0.00177473	0.00752465	0.0460185	44
128	16	32	3	16	1	0.350208	0.351336	0.295808	0.00198467	0.00752465	0.0460185	44
128	16	32	4	1	1	0.632768	0.584803	0.545902	0	0.00752465	0.0313763	30
128	16	32	4	2	1	0.397312	0.348126	0.292966	0.00161728	0.00752465	0.0460185	44
128	16	32	4	4	1	0.304288	0.264764	0.209552	0.00166976	0.00752465	0.0460185	44
128	16	32	4	8	1	0.306176	0.28909	0.233772	0.00177473	0.00752465	0.0460185	44
128	16	32	4	16	1	0.353408	0.380796	0.325268	0.00198467	0.00752465	0.0460185	44
128	16	32	5	1	1	0.634048	0.591247	0.552347	0	0.00752465	0.0313763	30
128	16	32	5	2	1	0.39936	0.354571	0.29941	0.00161728	0.00752465	0.0460185	44
128	16	32	5	4	1	0.308224	0.27305	0.217837	0.00166976	0.00752465	0.0460185	44
128	16	32	5	8	1	0.316576	0.30382	0.248502	0.00177473	0.00752465	0.0460185	44
128	16	32	5	16	1	0.371424	0.410255	0.354728	0.00198467	0.00752465	0.0460185	44
128	32	8	2	1	2	0.734464	0.621723	0.582777	0	0.00752465	0.0314213	30
128	32	8	2	2	2	0.449536	0.356963	0.301737	0.00161728	0.00752465	0.0460845	44
128	32	8	2	4	2	0.288768	0.216496	0.161217	0.00166976	0.00752465	0.0460845	44
128	32	8	2	8	2	0.224576	0.163905	0.108522	0.00177473	0.00752465	0.0460845	44
128	32	8	2	16	2	0.241664	0.161246	0.105652	0.00198467	0.00752465	0.0460845	44
128	32	8	3	1	2	0.725728	0.623513	0.584568	0	0.00752465	0.0314213	30
128	32	8	3	2	2	0.438592	0.358753	0.303527	0.00161728	0.00752465	0.0460845	44
128	32	8	3	4	2	0.285632	0.218286	0.163007	0.00166976	0.00752465	0.0460845	44
128	32	8	3	8	2	0.227136	0.165696	0.110312	0.00177473	0.00752465	0.0460845	44
128	32	8	3	16	2	0.24064	0.163548	0.107954	0.00198467	0.00752465	0.0460845	44
128	32	8	4	1	2	0.725696	0.625304	0.586358	0	0.00752465	0.0314213	30
128	32	8	4	2	2	0.44032	0.360544	0.305317	0.00161728	0.00752465	0.0460845	44
128	32	8	4	4	2	0.287744	0.220076	0.164797	0.00166976	0.00752465	0.0460845	44
128	32	8	4	8	2	0.227136	0.167486	0.112102	0.00177473	0.00752465	0.0460845	44
128	32	8	4	16	2	0.241888	0.165849	0.110255	0.00198467	0.00752465	0.0460845	44
128	32	8	5	1	2	0.72512	0.627094	0.588148	0	0.00752465	0.0314213	30
128	32	8	5	2	2	0.443072	0.362334	0.307107	0.00161728	0.00752465	0.0460845	44
128	32	8	5	4	2	0.285888	0.221866	0.166587	0.00166976	0.00752465	0.0460845	44
128	32	8	5	8	2	0.229664	0.169276	0.113892	0.00177473	0.00752465	0.0460845	44
128	32	8	5	16	2	0.248544	0.168151	0.112557	0.00198467	0.00752465	0.0460845	44
128	32	16	2	1	2	0.700736	0.625304	0.586358	0	0.00752465	0.0314213	30
128	32	16	2	2	2	0.431104	0.360544	0.305317	0.00161728	0.00752465	0.0460845	44
128	32	16	2	4	2	0.2808	0.220076	0.164797	0.00166976	0.00752465	0.0460845	44
128	32	16	2	8	2	0.226304	0.167486	0.112102	0.00177473	0.00752465	0.0460845	44
128	32	16	2	16	2	0.239936	0.165849	0.110255	0.00198467	0.00752465	0.0460845	44
128	32	16	3	1	2	0.689152	0.628884	0.589938	0	0.00752465	0.0314213	30
128	32	16	3	2	2	0.427008	0.364124	0.308897	0.00161728	0.00752465	0.0460845	44
128	32	16	3	4	2	0.278528	0.223656	0.168377	0.00166976	0.00752465	0.0460845	44
128	32	16	3	8	2	0.227328	0.171066	0.115682	0.00177473	0.00752465	0.0460845	44
128	32	16	3	16	2	0.243712	0.170452	0.114858	0.00198467	0.00752465	0.0460845	44
128	32	16	4	1	2	0.697344	0.632464	0.593518	0	0.00752465	0.0314213	30
128	32	16	4	2	2	0.429024	0.367704	0.312477	0.00161728	0.00752465	0.0460845	44
128	32	16	4	4	2	0.280576	0.227236	0.171957	0.00166976	0.00752465	0.0460845	44
128	32	16	4	8	2	0.227328	0.174646	0.119262	0.00177473	0.00752465	0.0460845	44
128	32	16	4	16	2	0.232448	0.175055	0.119462	0.00198467	0.00752465	0.0460845	44
128	32	16	5	1	1	0.695296	0.635999	0.597098	0	0.00752465	0.0313763	30
128	32	16	5	2	1	0.421024	0.371218	0.316058	0.00161728	0.00752465	0.0460185	44
128	32	16	5	4	1	0.274656	0.23075	0.175537	0.00166976	0.00752465	0.0460185	44
128	32	16	5	8	1	0.228352	0.188165	0.132847	0.00177473	0.00752465	0.0460185	44
128	32	16	5	16	1	0.24256	0.214609	0.159082	0.00198467	0.00752465	0.0460185	44
128	32	32	2	1	1	0.728	0.632419	0.593518	0	0.00752465	0.0313763	30
128	32	32	2	2	1	0.439488	0.367638	0.312477	0.00161728	0.00752465	0.0460185	44
128	32	32	2	4	1	0.28672	0.22717	0.171957	0.00166976	0.00752465	0.0460185	44
128	32	32	2	8	1	0.233472	0.183562	0.128244	0.00177473	0.00752465	0.0460185	44
128	32	32	2	16	1	0.26128	0.206426	0.150898	0.00198467	0.00752465	0.0460185	44
128	32	32	3	1	1	0.716896	0.639579	0.600678	0	0.00752465	0.0313763	30
128	32	32	3	2	1	0.4352	0.374798	0.319638	0.00161728	0.00752465	0.0460185	44
128	32	32	3	4	1	0.285696	0.23433	0.179118	0.00166976	0.00752465	0.0460185	44
128	32	32	3	8	1	0.234624	0.192768	0.13745	0.00177473	0.00752465	0.0460185	44
128	32	32	3	16	1	0.24848	0.222793	0.167265	0.00198467	0.00752465	0.0460185	44
128	32	32	4	1	1	0.713888	0.64674	0.607839	0	0.00752465	0.0313763	30
128	32	32	4	2	1	0.43616	0.381959	0.326798	0.00161728	0.00752465	0.0460185	44
128	32	32	4	4	1	0.2848	0.241491	0.186278	0.00166976	0.00752465	0.0460185	44
128	32	32	4	8	1	0.233472	0.201974	0.146656	0.00177473	0.00752465	0.0460185	44
128	32	32	4	16	1	0.25088	0.239159	0.183631	0.00198467	0.00752465	0.0460185	44
128	64	8	2	1	2	0.875712	0.740584	0.701638	0	0.00752465	0.0314213	30
128	64	8	2	2	2	0.518144	0.419616	0.364389	0.00161728	0.00752465	0.0460845	44
128	64	8	2	4	2	0.324512	0.251044	0.195765	0.00166976	0.00752465	0.0460845	44
128	64	8	2	8	2	0.227648	0.166837	0.111453	0.00177473	0.00752465	0.0460845	44
128	64	8	2	16	2	0.207872	0.13543	0.0798358	0.00198467	0.00752465	0.0460845	44
128	64	8	3	1	2	0.871232	0.742732	0.703786	0	0.00752465	0.0314213	30
128	64	8	3	2	2	0.517472	0.421764	0.366537	0.00161728	0.00752465	0.0460845	44
128	64	8	3	4	2	0.323584	0.253192	0.197913	0.00166976	0.00752465	0.0460845	44
128	64	8	3	8	2	0.227008	0.168985	0.113601	0.00177473	0.00752465	0.0460845	44
128	64	8	3	16	2	0.207136	0.137578	0.0819839	0.00198467	0.00752465	0.0460845	44
128	64	8	4	1	2	0.867488	0.74488	0.705934	0	0.00752465	0.0314213	30
128	64	8	4	2	2	0.51712	0.423912	0.368686	0.00161728	0.00752465	0.0460845	44
128	64	8	4	4	2	0.323584	0.25534	0.200061	0.00166976	0.00752465	0.0460845	44
128	64	8	4	8	2	0.230368	0.171133	0.115749	0.00177473	0.00752465	0.0460845	44
128	64	8	4	16	2	0.208896	0.139726	0.084132	0.00198467	0.00752465	0.0460845	44
128	64	8	5	1	2	0.862464	0.747028	0.708082	0	0.00752465	0.0314213	30
128	64	8	5	2	2	0.514048	0.42606	0.370834	0.00161728	0.00752465	0.0460845	44
128	64	8	5	4	2	0.322496	0.257488	0.202209	0.00166976	0.00752465	0.0460845	44
128	64	8	5	8	2	0.229184	0.173281	0.117897	0.00177473	0.00752465	0.0460845	44
128	64	8	5	16	2	0.212992	0.141874	0.0862801	0.00198467	0.00752465	0.0460845	44
128	64	16	2	1	2	0.818176	0.74488	0.705934	0	0.00752465	0.0314213	30
128	64	16	2	2	2	0.49152	0.423912	0.368686	0.00161728	0.00752465	0.0460845	44
128	64	16	2	4	2	0.311296	0.25534	0.200061	0.00166976	0.00752465	0.0460845	44
128	64	16	2	8	2	0.22448	0.171133	0.115749	0.00177473	0.00752465	0.0460845	44
128	64	16	2	16	2	0.207872	0.139726	0.084132	0.00198467	0.00752465	0.0460845	44
128	64	16	3	1	2	0.816416	0.749176	0.71023	0	0.00752465	0.0314213	30
128	64	16	3	2	2	0.488288	0.428208	0.372982	0.00161728	0.00752465	0.0460845	44
128	64	16	3	4	2	0.311232	0.259636	0.204357	0.00166976	0.00752465	0.0460845	44
128	64	16	3	8	2	0.224256	0.175429	0.120045	0.00177473	0.00752465	0.0460845	44
128	64	16	3	16	2	0.207872	0.144022	0.0884282	0.00198467	0.00752465	0.0460845	44
128	64	16	4	1	2	0.819072	0.753472	0.714527	0	0.00752465	0.0314213	30
128	64	16	4	2	2	0.494272	0.432504	0.377278	0.00161728	0.00752465	0.0460845	44
128	64	16	4	4	2	0.318464	0.263933	0.208654	0.00166976	0.00752465	0.0460845	44
128	64	16	4	8	2	0.223552	0.179725	0.124341	0.00177473	0.00752465	0.0460845	44
128	64	16	4	16	2	0.196512	0.148318	0.0927244	0.00198467	0.00752465	0.0460845	44
128	64	16	5	1	1	0.8192	0.757724	0.718823	0	0.00752465	0.0313763	30
128	64	16	5	2	1	0.49152	0.436735	0.381574	0.00161728	0.00752465	0.0460185	44
128	64	16	5	4	1	0.316416	0.268163	0.21295	0.00166976	0.00752465	0.0460185	44
128	64	16	5	8	1	0.222208	0.183956	0.128638	0.00177473	0.00752465	0.0460185	44
128	64	16	5	16	1	0.1968	0.165213	0.109685	0.00198467	0.00752465	0.0460185	44
128	64	32	2	1	1	0.848576	0.753427	0.714527	0	0.00752465	0.0313763	30
128	64	32	2	2	1	0.500928	0.432438	0.377278	0.00161728	0.00752465	0.0460185	44
128	64	32	2	4	1	0.319488	0.263867	0.208654	0.00166976	0.00752465	0.0460185	44
128	64	32	2	8	1	0.224256	0.179659	0.124341	0.00177473	0.00752465	0.0460185	44
128	64	32	2	16	1	0.197792	0.159689	0.104161	0.00198467	0.00752465	0.0460185	44
128	64	32	3	1	1	0.850112	0.76202	0.723119	0	0.00752465	0.0313763	30
128	64	32	3	2	1	0.505856	0.441031	0.38587	0.00161728	0.00752465	0.0460185	44
128	64	32	3	4	1	0.321728	0.272459	0.217246	0.00166976	0.00752465	0.0460185	44
128	64	32	3	8	1	0.228512	0.188252	0.132934	0.00177473	0.00752465	0.0460185	44
128	64	32	3	16	1	0.202944	0.170737	0.115209	0.00198467	0.00752465	0.0460185	44
128	64	32	4	1	1	0.862208	0.770612	0.731711	0	0.00752465	0.0313763	30
128	64	32	4	2	1	0.516256	0.449623	0.394463	0.00161728	0.00752465	0.0460185	44
128	64	32	4	4	1	0.324736	0.281051	0.225838	0.00166976	0.00752465	0.0460185	44
128	64	32	4	8	1	0.23568	0.196844	0.141526	0.00177473	0.00752465	0.0460185	44
128	64	32	4	16	1	0.208896	0.181784	0.126256	0.00198467	0.00752465	0.0460185	44
128	128	8	2	1	1	1.16442	0.97826	0.939359	0	0.00752465	0.0313763	30
128	128	8	2	2	1	0.666624	0.544855	0.489694	0.00161728	0.00752465	0.0460185	44
128	128	8	2	4	1	0.402432	0.320075	0.264862	0.00166976	0.00752465	0.0460185	44
128	128	8	2	8	1	0.27136	0.207763	0.152446	0.00177473	0.00752465	0.0460185	44
128	128	8	2	16	1	0.217088	0.151765	0.0962374	0.00198467	0.00752465	0.0460185	44
128	128	8	3	1	1	1.18067	0.981124	0.942223	0	0.00752465	0.0313763	30
128	128	8	3	2	1	0.668832	0.547719	0.492558	0.00161728	0.00752465	0.0460185	44
128	128	8	3	4	1	0.40448	0.322939	0.267726	0.00166976	0.00752465	0.0460185	44
128	128	8	3	8	1	0.270336	0.210628	0.15531	0.00177473	0.00752465	0.0460185	44
128	128	8	3	16	1	0.22016	0.154629	0.0991016	0.00198467	0.00752465	0.0460185	44
128	128	8	4	1	1	1.16429	0.983988	0.945087	0	0.00752465	0.0313763	30
128	128	8	4	2	1	0.666784	0.550583	0.495422	0.00161728	0.00752465	0.0460185	44
128	128	8	4	4	1	0.402112	0.325803	0.27059	0.00166976	0.00752465	0.0460185	44
128	128	8	4	8	1	0.27104	0.213492	0.158174	0.00177473	0.00752465	0.0460185	44
128	128	8	4	16	1	0.220288	0.157494	0.101966	0.00198467	0.00752465	0.0460185	44
128	128	8	5	1	1	1.1641	0.986852	0.947951	0	0.00752465	0.0313763	30
128	128	8	5	2	1	0.666624	0.553447	0.498287	0.00161728	0.00752465	0.0460185	44
128	128	8	5	4	1	0.402432	0.328667	0.273454	0.00166976	0.00752465	0.0460185	44
128	128	8	5	8	1	0.255008	0.216356	0.161038	0.00177473	0.00752465	0.0460185	44
128	128	8	5	16	1	0.192512	0.160358	0.10483	0.00198467	0.00752465	0.0460185	44
128	128	16	2	1	1	1.09363	0.983988	0.945087	0	0.00752465	0.0313763	30
128	128	16	2	2	1	0.631808	0.550583	0.495422	0.00161728	0.00752465	0.0460185	44
128	128	16	2	4	1	0.385024	0.325803	0.27059	0.00166976	0.00752465	0.0460185	44
128	128	16	2	8	1	0.258944	0.213492	0.158174	0.00177473	0.00752465	0.0460185	44
128	128	16	2	16	1	0.192416	0.157494	0.101966	0.00198467	0.00752465	0.0460185	44
128	128	16	3	1	1	0.992256	0.989716	0.950816	0	0.00752465	0.0313763	30
128	128	16	3	2	1	0.576512	0.556311	0.501151	0.00161728	0.00752465	0.0460185	44
128	128	16	3	4	1	0.38624	0.331531	0.276318	0.00166976	0.00752465	0.0460185	44
128	128	16	3	8	1	0.260096	0.21922	0.163902	0.00177473	0.00752465	0.0460185	44
128	128	16	3	16	1	0.200864	0.163222	0.107694	0.00198467	0.00752465	0.0460185	44
128	128	16	4	1	1	1.08358	0.995445	0.956544	0	0.00752465	0.0313763	30
128	128	16	4	2	1	0.567424	0.562039	0.506879	0.00161728	0.00752465	0.0460185	44
128	128	16	4	4	1	0.342336	0.337259	0.282047	0.00166976	0.00752465	0.0460185	44
128	128	16	4	8	1	0.253248	0.224948	0.16963	0.00177473	0.00752465	0.0460185	44
128	128	16	4	16	1	0.195264	0.16895	0.113422	0.00198467	0.00752465	0.0460185	44
128	128	16	5	1	1	1.08586	1.00117	0.962272	0	0.00752465	0.0313763	30
128	128	16	5	2	1	0.625536	0.567768	0.512607	0.00161728	0.00752465	0.0460185	44
128	128	16	5	4	1	0.370752	0.342988	0.287775	0.00166976	0.00752465	0.0460185	44
128	128	16	5	8	1	0.254944	0.230677	0.175359	0.00177473	0.00752465	0.0460185	44
128	128	16	5	16	1	0.205952	0.174678	0.119151	0.00198467	0.00752465	0.0460185	44
128	128	32	2	1	1	69.078	0.995445	0.956544	0	0.00752465	0.0313763	30
128	128	32	2	2	1	35.0249	0.562039	0.506879	0.00161728	0.00752465	0.0460185	44
128	128	32	2	4	1	17.7348	0.337259	0.282047	0.00166976	0.00752465	0.0460185	44
128	128	32	2	8	1	9.07053	0.224948	0.16963	0.00177473	0.00752465	0.0460185	44
128	128	32	2	16	1	5.17939	0.16895	0.113422	0.00198467	0.00752465	0.0460185	44
128	128	32	3	1	1	70.0436	1.0069	0.968	0	0.00752465	0.0313763	30
128	128	32	3	2	1	35.1775	0.573496	0.518336	0.00161728	0.00752465	0.0460185	44
128	128	32	3	4	1	17.7419	0.348716	0.293503	0.00166976	0.00752465	0.0460185	44
128	128	32	3	8	1	9.08704	0.236405	0.181087	0.00177473	0.00752465	0.0460185	44
128	128	32	3	16	1	5.18541	0.180407	0.124879	0.00198467	0.00752465	0.0460185	44
128	256	8	2	1	1	1.70605	1.4537	1.4148	0	0.00752465	0.0313763	30
128	256	8	2	2	1	0.941056	0.795464	0.740304	0.00161728	0.00752465	0.0460185	44
128	256	8	2	4	1	0.589984	0.458268	0.403055	0.00166976	0.00752465	0.0460185	44
128	256	8	2	8	1	0.365728	0.289749	0.234431	0.00177473	0.00752465	0.0460185	44
128	256	8	2	16	1	0.275584	0.205647	0.150119	0.00198467	0.00752465	0.0460185	44
128	256	8	3	1	1	1.83808	1.458	1.4191	0	0.00752465	0.0313763	30
128	256	8	3	2	1	1.01581	0.79976	0.7446	0.00161728	0.00752465	0.0460185	44
128	256	8	3	4	1	0.580608	0.462564	0.407351	0.00166976	0.00752465	0.0460185	44
128	256	8	3	8	1	0.361664	0.294045	0.238727	0.00177473	0.00752465	0.0460185	44
128	256	8	3	16	1	0.27648	0.209943	0.154415	0.00198467	0.00752465	0.0460185	44
128	256	8	4	1	1	1.85446	1.46229	1.42339	0	0.00752465	0.0313763	30
128	256	8	4	2	1	1.01798	0.804057	0.748896	0.00161728	0.00752465	0.0460185	44
128	256	8	4	4	1	0.590528	0.466861	0.411648	0.00166976	0.00752465	0.0460185	44
128	256	8	4	8	1	0.375744	0.298341	0.243023	0.00177473	0.00752465	0.0460185	44
128	256	8	4	16	1	0.262016	0.214239	0.158711	0.00198467	0.00752465	0.0460185	44
128	256	8	5	1	1	1.85549	1.46659	1.42769	0	0.00752465	0.0313763	30
128	256	8	5	2	1	1.0199	0.808353	0.753192	0.00161728	0.00752465	0.0460185	44
128	256	8	5	4	1	0.589824	0.471157	0.415944	0.00166976	0.00752465	0.0460185	44
128	256	8	5	8	1	0.37696	0.302637	0.247319	0.00177473	0.00752465	0.0460185	44
128	256	8	5	16	1	0.263168	0.218535	0.163007	0.00198467	0.00752465	0.0460185	44
128	256	16	2	1	1	1.72352	1.46229	1.42339	0	0.00752465	0.0313763	30
128	256	16	2	2	1	0.953472	0.804057	0.748896	0.00161728	0.00752465	0.0460185	44
128	256	16	2	4	1	0.55808	0.466861	0.411648	0.00166976	0.00752465	0.0460185	44
128	256	16	2	8	1	0.354304	0.298341	0.243023	0.00177473	0.00752465	0.0460185	44
128	256	16	2	16	1	0.249792	0.214239	0.158711	0.00198467	0.00752465	0.0460185	44
128	256	16	3	1	1	1.71827	1.47089	1.43199	0	0.00752465	0.0313763	30
128	256	16	3	2	1	0.95456	0.812649	0.757489	0.00161728	0.00752465	0.0460185	44
128	256	16	3	4	1	0.55808	0.475453	0.42024	0.00166976	0.00752465	0.0460185	44
128	256	16	3	8	1	0.360448	0.306934	0.251616	0.00177473	0.00752465	0.0460185	44
128	256	16	3	16	1	0.262272	0.222831	0.167304	0.00198467	0.00752465	0.0460185	44
128	256	16	4	1	1	1.72557	1.47948	1.44058	0	0.00752465	0.0313763	30
128	256	16	4	2	1	0.964576	0.821241	0.766081	0.00161728	0.00752465	0.0460185	44
128	256	16	4	4	1	0.564384	0.484045	0.428832	0.00166976	0.00752465	0.0460185	44
128	256	16	4	8	1	0.360448	0.315526	0.260208	0.00177473	0.00752465	0.0460185	44
128	256	16	4	16	1	0.263168	0.231424	0.175896	0.00198467	0.00752465	0.0460185	44
128	256	32	2	1	1	130.485	1.47948	1.44058	0	0.00752465	0.0313763	30
128	256	32	2	2	1	65.4797	0.821241	0.766081	0.00161728	0.00752465	0.0460185	44
128	256	32	2	4	1	32.9616	0.484045	0.428832	0.00166976	0.00752465	0.0460185	44
128	256	32	2	8	1	16.6755	0.315526	0.260208	0.00177473	0.00752465	0.0460185	44
128	256	32	2	16	1	8.76954	0.231424	0.175896	0.00198467	0.00752465	0.0460185	44
256	16	16	2	1	2	0.995328	1.02377	0.984827	0	0.00752465	0.0314213	30
256	16	16	2	2	2	0.61856	0.562284	0.507058	0.00161728	0.00752465	0.0460845	44
256	16	16	2	4	2	0.440992	0.383173	0.327894	0.00166976	0.00752465	0.0460845	44
256	16	16	2	8	2	0.421568	0.361786	0.306402	0.00177473	0.00752465	0.0460845	44
256	16	16	2	16	2	0.462464	0.391285	0.335691	0.00198467	0.00752465	0.0460845	44
256	16	16	3	1	1	1.07619	1.02981	0.990913	0	0.00752465	0.0313763	30
256	16	16	3	2	1	0.613504	0.568304	0.513144	0.00161728	0.00752465	0.0460185	44
256	16	16	3	4	1	0.436224	0.399301	0.344088	0.00166976	0.00752465	0.0460185	44
256	16	16	3	8	1	0.429056	0.40492	0.349602	0.00177473	0.00752465	0.0460185	44
256	16	16	3	16	1	0.475296	0.485988	0.43046	0.00198467	0.00752465	0.0460185	44
256	16	16	4	1	1	1.07418	1.0359	0.996999	0	0.00752465	0.0313763	30
256	16	16	4	2	1	0.613536	0.574391	0.51923	0.00161728	0.00752465	0.0460185	44
256	16	16	4	4	1	0.441248	0.407126	0.351913	0.00166976	0.00752465	0.0460185	44
256	16	16	4	8	1	0.432128	0.418832	0.363514	0.00177473	0.00752465	0.0460185	44
256	16	16	4	16	1	0.482144	0.513811	0.458283	0.00198467	0.00752465	0.0460185	44
256	16	16	5	1	1	1.07725	1.04199	1.00309	0	0.00752465	0.0313763	30
256	16	16	5	2	1	0.618688	0.580477	0.525317	0.00161728	0.00752465	0.0460185	44
256	16	16	5	4	1	0.44768	0.414951	0.359738	0.00166976	0.00752465	0.0460185	44
256	16	16	5	8	1	0.439296	0.432743	0.377425	0.00177473	0.00752465	0.0460185	44
256	16	16	5	16	1	0.498848	0.541634	0.486106	0.00198467	0.00752465	0.0460185	44
256	16	32	2	1	1	1.12352	1.0359	0.996999	0	0.00752465	0.0313763	30
256	16	32	2	2	1	0.644224	0.574391	0.51923	0.00161728	0.00752465	0.0460185	44
256	16	32	2	4	1	0.452608	0.407126	0.351913	0.00166976	0.00752465	0.0460185	44
256	16	32	2	8	1	0.449696	0.418832	0.363514	0.00177473	0.00752465	0.0460185	44
256	16	32	2	16	1	0.50176	0.513811	0.458283	0.00198467	0.00752465	0.0460185	44
256	32	8	2	1	2	1.18208	1.07998	1.04103	0	0.00752465	0.0314213	30
256	32	8	2	2	2	0.67408	0.590388	0.535162	0.00161728	0.00752465	0.0460845	44
256	32	8	2	4	2	0.40448	0.337504	0.282225	0.00166976	0.00752465	0.0460845	44
256	32	8	2	8	2	0.30336	0.242758	0.187374	0.00177473	0.00752465	0.0460845	44
256	32	8	2	16	2	0.3072	0.235528	0.179934	0.00198467	0.00752465	0.0460845	44
256	32	8	3	1	2	1.16973	1.0832	1.04426	0	0.00752465	0.0314213	30
256	32	8	3	2	2	0.6656	0.59361	0.538384	0.00161728	0.00752465	0.0460845	44
256	32	8	3	4	2	0.402656	0.340726	0.285447	0.00166976	0.00752465	0.0460845	44
256	32	8	3	8	2	0.3024	0.24598	0.190596	0.00177473	0.00752465	0.0460845	44
256	32	8	3	16	2	0.312192	0.23967	0.184077	0.00198467	0.00752465	0.0460845	44
256	32	8	4	1	2	1.1735	1.08642	1.04748	0	0.00752465	0.0314213	30
256	32	8	4	2	2	0.666048	0.596832	0.541606	0.00161728	0.00752465	0.0460845	44
256	32	8	4	4	2	0.401408	0.343949	0.28867	0.00166976	0.00752465	0.0460845	44
256	32	8	4	8	2	0.305856	0.249202	0.193818	0.00177473	0.00752465	0.0460845	44
256	32	8	4	16	2	0.303104	0.243813	0.188219	0.00198467	0.00752465	0.0460845	44
256	32	8	5	1	2	1.17475	1.08965	1.0507	0	0.00752465	0.0314213	30
256	32	8	5	2	2	0.666624	0.600055	0.544828	0.00161728	0.00752465	0.0460845	44
256	32	8	5	4	2	0.403296	0.347171	0.291892	0.00166976	0.00752465	0.0460845	44
256	32	8	5	8	2	0.309088	0.252424	0.197041	0.00177473	0.00752465	0.0460845	44
256	32	8	5	16	2	0.307712	0.247956	0.192362	0.00198467	0.00752465	0.0460845	44
256	32	16	2	1	1	1.14346	1.08638	1.04748	0	0.00752465	0.0313763	30
256	32	16	2	2	1	0.649216	0.596766	0.541606	0.00161728	0.00752465	0.0460185	44
256	32	16	2	4	1	0.389248	0.343883	0.28867	0.00166976	0.00752465	0.0460185	44
256	32	16	2	8	1	0.299168	0.259346	0.204028	0.00177473	0.00752465	0.0460185	44
256	32	16	2	16	1	0.316576	0.27948	0.223952	0.00198467	0.00752465	0.0460185	44
256	32	16	3	1	1	1.15712	1.09282	1.05392	0	0.00752465	0.0313763	30
256	32	16	3	2	1	0.661504	0.603211	0.54805	0.00161728	0.00752465	0.0460185	44
256	32	16	3	4	1	0.40032	0.350327	0.295114	0.00166976	0.00752465	0.0460185	44
256	32	16	3	8	1	0.30208	0.267631	0.212313	0.00177473	0.00752465	0.0460185	44
256	32	16	3	16	1	0.311264	0.29421	0.238682	0.00198467	0.00752465	0.0460185	44
256	32	16	4	1	1	1.14605	1.09927	1.06037	0	0.00752465	0.0313763	30
256	32	16	4	2	1	0.66064	0.609655	0.554495	0.00161728	0.00752465	0.0460185	44
256	32	16	4	4	1	0.398048	0.356771	0.301558	0.00166976	0.00752465	0.0460185	44
256	32	16	4	8	1	0.308224	0.275917	0.220599	0.00177473	0.00752465	0.0460185	44
256	32	16	4	16	1	0.315584	0.30894	0.253412	0.00198467	0.00752465	0.0460185	44
256	32	16	5	1	1	1.1561	1.10571	1.06681	0	0.00752465	0.0313763	30
256	32	16	5	2	1	0.66064	0.616099	0.560939	0.00161728	0.00752465	0.0460185	44
256	32	16	5	4	1	0.397984	0.363215	0.308003	0.00166976	0.00752465	0.0460185	44
256	32	16	5	8	1	0.309408	0.284202	0.228884	0.00177473	0.00752465	0.0460185	44
256	32	16	5	16	1	0.320672	0.32367	0.268142	0.00198467	0.00752465	0.0460185	44
256	32	32	2	1	1	1.19296	1.09927	1.06037	0	0.00752465	0.0313763	30
256	32	32	2	2	1	0.679712	0.609655	0.554495	0.00161728	0.00752465	0.0460185	44
256	32	32	2	4	1	0.402432	0.356771	0.301558	0.00166976	0.00752465	0.0460185	44
256	32	32	2	8	1	0.314208	0.275917	0.220599	0.00177473	0.00752465	0.0460185	44
256	32	32	2	16	1	0.323744	0.30894	0.253412	0.00198467	0.00752465	0.0460185	44
256	64	8	2	1	1	1.34038	1.20452	1.16562	0	0.00752465	0.0313763	30
256	64	8	2	2	1	0.749568	0.658703	0.603542	0.00161728	0.00752465	0.0460185	44
256	64	8	2	4	1	0.44048	0.377715	0.322502	0.00166976	0.00752465	0.0460185	44
256	64	8	2	8	1	0.287936	0.2373	0.181982	0.00177473	0.00752465	0.0460185	44
256	64	8	2	16	1	0.252032	0.19666	0.141133	0.00198467	0.00752465	0.0460185	44
256	64	8	3	1	1	1.32486	1.2081	1.1692	0	0.00752465	0.0313763	30
256	64	8	3	2	1	0.747264	0.662283	0.607123	0.00161728	0.00752465	0.0460185	44
256	64	8	3	4	1	0.437248	0.381295	0.326082	0.00166976	0.00752465	0.0460185	44
256	64	8	3	8	1	0.287744	0.24088	0.185562	0.00177473	0.00752465	0.0460185	44
256	64	8	3	16	1	0.249856	0.201264	0.145736	0.00198467	0.00752465	0.0460185	44
256	64	8	4	1	1	1.3271	1.21168	1.17278	0	0.00752465	0.0313763	30
256	64	8	4	2	1	0.74656	0.665863	0.610703	0.00161728	0.00752465	0.0460185	44
256	64	8	4	4	1	0.437248	0.384875	0.329662	0.00166976	0.00752465	0.0460185	44
256	64	8	4	8	1	0.287744	0.24446	0.189142	0.00177473	0.00752465	0.0460185	44
256	64	8	4	16	1	0.241664	0.205867	0.150339	0.00198467	0.00752465	0.0460185	44
256	64	8	5	1	1	1.33955	1.21526	1.17636	0	0.00752465	0.0313763	30
256	64	8	5	2	1	0.758784	0.669443	0.614283	0.00161728	0.00752465	0.0460185	44
256	64	8	5	4	1	0.451712	0.388455	0.333242	0.00166976	0.00752465	0.0460185	44
256	64	8	5	8	1	0.296128	0.24804	0.192722	0.00177473	0.00752465	0.0460185	44
256	64	8	5	16	1	0.246432	0.21047	0.154942	0.00198467	0.00752465	0.0460185	44
256	64	16	2	1	1	1.29229	1.21168	1.17278	0	0.00752465	0.0313763	30
256	64	16	2	2	1	0.731104	0.665863	0.610703	0.00161728	0.00752465	0.0460185	44
256	64	16	2	4	1	0.436224	0.384875	0.329662	0.00166976	0.00752465	0.0460185	44
256	64	16	2	8	1	0.287904	0.24446	0.189142	0.00177473	0.00752465	0.0460185	44
256	64	16	2	16	1	0.236416	0.205867	0.150339	0.00198467	0.00752465	0.0460185	44
256	64	16	3	1	1	1.29229	1.21885	1.17994	0	0.00752465	0.0313763	30
256	64	16	3	2	1	0.731136	0.673024	0.617863	0.00161728	0.00752465	0.0460185	44
256	64	16	3	4	1	0.437152	0.392036	0.336823	0.00166976	0.00752465	0.0460185	44
256	64	16	3	8	1	0.28848	0.25162	0.196302	0.00177473	0.00752465	0.0460185	44
256	64	16	3	16	1	0.237568	0.215073	0.159545	0.00198467	0.00752465	0.0460185	44
256	64	16	4	1	1	1.29965	1.22601	1.1871	0	0.00752465	0.0313763	30
256	64	16	4	2	1	0.733184	0.680184	0.625023	0.00161728	0.00752465	0.0460185	44
256	64	16	4	4	1	0.437184	0.399196	0.343983	0.00166976	0.00752465	0.0460185	44
256	64	16	4	8	1	0.289792	0.258781	0.203463	0.00177473	0.00752465	0.0460185	44
256	64	16	4	16	1	0.24576	0.224279	0.168751	0.00198467	0.00752465	0.0460185	44
256	64	32	2	1	1	69.929	1.22601	1.1871	0	0.00752465	0.0313763	30
256	64	32	2	2	1	35.1977	0.680184	0.625023	0.00161728	0.00752465	0.0460185	44
256	64	32	2	4	1	17.8942	0.399196	0.343983	0.00166976	0.00752465	0.0460185	44
256	64	32	2	8	1	9.8223	0.258781	0.203463	0.00177473	0.00752465	0.0460185	44
256	64	32	2	16	1	7.64518	0.224279	0.168751	0.00198467	0.00752465	0.0460185	44
256	128	8	2	1	1	1.72816	1.4537	1.4148	0	0.00752465	0.0313763	30
256	128	8	2	2	1	0.953472	0.795464	0.740304	0.00161728	0.00752465	0.0460185	44
256	128	8	2	4	1	0.554752	0.458268	0.403055	0.00166976	0.00752465	0.0460185	44
256	128	8	2	8	1	0.350208	0.289749	0.234431	0.00177473	0.00752465	0.0460185	44
256	128	8	2	16	1	0.260288	0.205647	0.150119	0.00198467	0.00752465	0.0460185	44
256	128	8	3	1	1	1.70486	1.458	1.4191	0	0.00752465	0.0313763	30
256	128	8	3	2	1	0.944928	0.79976	0.7446	0.00161728	0.00752465	0.0460185	44
256	128	8	3	4	1	0.541824	0.462564	0.407351	0.00166976	0.00752465	0.0460185	44
256	128	8	3	8	1	0.3432	0.294045	0.238727	0.00177473	0.00752465	0.0460185	44
256	128	8	3	16	1	0.260064	0.209943	0.154415	0.00198467	0.00752465	0.0460185	44
256	128	8	4	1	1	1.71741	1.46229	1.42339	0	0.00752465	0.0313763	30
256	128	8	4	2	1	0.948224	0.804057	0.748896	0.00161728	0.00752465	0.0460185	44
256	128	8	4	4	1	0.552512	0.466861	0.411648	0.00166976	0.00752465	0.0460185	44
256	128	8	4	8	1	0.355328	0.298341	0.243023	0.00177473	0.00752465	0.0460185	44
256	128	8	4	16	1	0.252896	0.214239	0.158711	0.00198467	0.00752465	0.0460185	44
256	128	8	5	1	1	1.72026	1.46659	1.42769	0	0.00752465	0.0313763	30
256	128	8	5	2	1	0.948224	0.808353	0.753192	0.00161728	0.00752465	0.0460185	44
256	128	8	5	4	1	0.553664	0.471157	0.415944	0.00166976	0.00752465	0.0460185	44
256	128	8	5	8	1	0.356544	0.302637	0.247319	0.00177473	0.00752465	0.0460185	44
256	128	8	5	16	1	0.257728	0.218535	0.163007	0.00198467	0.00752465	0.0460185	44
256	128	16	2	1	1	1.69386	1.46229	1.42339	0	0.00752465	0.0313763	30
256	128	16	2	2	1	0.937088	0.804057	0.748896	0.00161728	0.00752465	0.0460185	44
256	128	16	2	4	1	0.542496	0.466861	0.411648	0.00166976	0.00752465	0.0460185	44
256	128	16	2	8	1	0.345088	0.298341	0.243023	0.00177473	0.00752465	0.0460185	44
256	128	16	2	16	1	0.246784	0.214239	0.158711	0.00198467	0.00752465	0.0460185	44
256	128	16	3	1	1	1.6743	1.47089	1.43199	0	0.00752465	0.0313763	30
256	128	16	3	2	1	0.930816	0.812649	0.757489	0.00161728	0.00752465	0.0460185	44
256	128	16	3	4	1	0.540672	0.475453	0.42024	0.00166976	0.00752465	0.0460185	44
256	128	16	3	8	1	0.344064	0.306934	0.251616	0.00177473	0.00752465	0.0460185	44
256	128	16	3	16	1	0.247744	0.222831	0.167304	0.00198467	0.00752465	0.0460185	44
256	128	16	4	1	1	1.68877	1.47948	1.44058	0	0.00752465	0.0313763	30
256	128	16	4	2	1	0.937984	0.821241	0.766081	0.00161728	0.00752465	0.0460185	44
256	128	16	4	4	1	0.548992	0.484045	0.428832	0.00166976	0.00752465	0.0460185	44
256	128	16	4	8	1	0.35856	0.315526	0.260208	0.00177473	0.00752465	0.0460185	44
256	128	16	4	16	1	0.2592	0.231424	0.175896	0.00198467	0.00752465	0.0460185	44
256	128	32	2	1	1	130.534	1.47948	1.44058	0	0.00752465	0.0313763	30
256	128	32	2	2	1	65.5482	0.821241	0.766081	0.00161728	0.00752465	0.0460185	44
256	128	32	2	4	1	32.9944	0.484045	0.428832	0.00166976	0.00752465	0.0460185	44
256	128	32	2	8	1	16.9492	0.315526	0.260208	0.00177473	0.00752465	0.0460185	44
256	128	32	2	16	1	9.69325	0.231424	0.175896	0.00198467	0.00752465	0.0460185	44
256	256	8	2	1	1	10.0516	2.05394	2.01504	0	0.00752465	0.0313763	30
256	256	8	2	2	1	5.16813	1.11993	1.06477	0.00161728	0.00752465	0.0460185	44
256	256	8	2	4	1	2.96477	0.644846	0.589633	0.00166976	0.00752465	0.0460185	44
256	256	8	2	8	1	1.63533	0.407383	0.352065	0.00177473	0.00752465	0.0460185	44
256	256	8	2	16	1	1.10387	0.288809	0.233281	0.00198467	0.00752465	0.0460185	44
256	256	8	3	1	1	11.1317	2.05967	2.02077	0	0.00752465	0.0313763	30
256	256	8	3	2	1	5.71418	1.12566	1.0705	0.00161728	0.00752465	0.0460185	44
256	256	8	3	4	1	2.99386	0.650574	0.595361	0.00166976	0.00752465	0.0460185	44
256	256	8	3	8	1	1.64755	0.413111	0.357793	0.00177473	0.00752465	0.0460185	44
256	256	8	3	16	1	1.11808	0.294537	0.239009	0.00198467	0.00752465	0.0460185	44
256	256	8	4	1	1	11.5323	2.0654	2.0265	0	0.00752465	0.0313763	30
256	256	8	4	2	1	5.93517	1.13139	1.07623	0.00161728	0.00752465	0.0460185	44
256	256	8	4	4	1	3.10579	0.656302	0.601089	0.00166976	0.00752465	0.0460185	44
256	256	8	4	8	1	1.72134	0.418839	0.363521	0.00177473	0.00752465	0.0460185	44
256	256	8	4	16	1	1.17965	0.300265	0.244737	0.00198467	0.00752465	0.0460185	44
256	256	8	5	1	1	11.5569	2.07113	2.03223	0	0.00752465	0.0313763	30
256	256	8	5	2	1	5.94227	1.13711	1.08195	0.00161728	0.00752465	0.0460185	44
256	256	8	5	4	1	3.11501	0.662031	0.606818	0.00166976	0.00752465	0.0460185	44
256	256	8	5	8	1	1.72646	0.424568	0.36925	0.00177473	0.00752465	0.0460185	44
256	256	8	5	16	1	1.18406	0.305994	0.250466	0.00198467	0.00752465	0.0460185	44
256	256	16	2	1	1	253.537	2.0654	2.0265	0	0.00752465	0.0313763	30
256	256	16	2	2	1	126.95	1.13139	1.07623	0.00161728	0.00752465	0.0460185	44
256	256	16	2	4	1	63.66	0.656302	0.601089	0.00166976	0.00752465	0.0460185	44
256	256	16	2	8	1	32.0328	0.418839	0.363521	0.00177473	0.00752465	0.0460185	44
256	256	16	2	16	1	16.3522	0.300265	0.244737	0.00198467	0.00752465	0.0460185	44
256	256	16	3	1	1	253.474	2.07685	2.03795	0	0.00752465	0.0313763	30
256	256	16	3	2	1	126.94	1.14284	1.08768	0.00161728	0.00752465	0.0460185	44
256	256	16	3	4	1	63.6681	0.667759	0.612546	0.00166976	0.00752465	0.0460185	44
256	256	16	3	8	1	32.0428	0.430296	0.374978	0.00177473	0.00752465	0.0460185	44
256	256	16	3	16	1	16.3571	0.311722	0.256194	0.00198467	0.00752465	0.0460185	44
