model	variant	arm	seq	past	round	pass	l1_ms	l2_ms	l05_ms	reg	ctas_per_sm	grid	block	task_smem	occupancy_smem	static_smem	regs_per_sm	smem_per_sm	threads_per_sm	l1_reg	l05_reg	l1_ctas	l2_ctas	min_blocks	warp_size	l05_spill_stores	l05_spill_loads	l1_spill_stores	l1_spill_loads	l2_spill_stores	l2_spill_loads	f40_ctas	f40_binding
gqa2	occ1	full	4	3	0	1	0.335552	0.372512	0.340640	218	2	340	128	24576	24576	0	65536	102400	1536	214	208	2	2	1	32	0	0	0	0	0	0	2	registers
gqa2	occ2	full	4	3	0	1	0.336192	0.370080	0.339744	218	2	340	128	24576	24576	0	65536	102400	1536	214	208	2	2	2	32	0	0	0	0	0	0	2	registers
gqa2	occ2	full	4	3	1	1	0.335936	0.374336	0.339328	218	2	340	128	24576	24576	0	65536	102400	1536	214	208	2	2	2	32	0	0	0	0	0	0	2	registers
gqa2	occ1	full	4	3	1	1	0.336160	0.370080	0.339840	218	2	340	128	24576	24576	0	65536	102400	1536	214	208	2	2	1	32	0	0	0	0	0	0	2	registers
gqa2	occ1	full	4	3	2	1	0.336256	0.372192	0.339776	218	2	340	128	24576	24576	0	65536	102400	1536	214	208	2	2	1	32	0	0	0	0	0	0	2	registers
gqa2	occ2	full	4	3	2	1	0.335840	0.372800	0.339872	218	2	340	128	24576	24576	0	65536	102400	1536	214	208	2	2	2	32	0	0	0	0	0	0	2	registers
gqa2	occ2	full	4	3	3	1	0.336320	0.371872	0.340192	218	2	340	128	24576	24576	0	65536	102400	1536	214	208	2	2	2	32	0	0	0	0	0	0	2	registers
gqa2	occ1	full	4	3	3	1	0.335520	0.370560	0.339840	218	2	340	128	24576	24576	0	65536	102400	1536	214	208	2	2	1	32	0	0	0	0	0	0	2	registers
gqa2	occ1	full	4	3	4	1	0.335680	0.370752	0.340640	218	2	340	128	24576	24576	0	65536	102400	1536	214	208	2	2	1	32	0	0	0	0	0	0	2	registers
gqa2	occ2	full	4	3	4	1	0.335136	0.372224	0.341216	218	2	340	128	24576	24576	0	65536	102400	1536	214	208	2	2	2	32	0	0	0	0	0	0	2	registers
gqa2	occ2	full	4	3	5	1	0.336192	0.372064	0.339776	218	2	340	128	24576	24576	0	65536	102400	1536	214	208	2	2	2	32	0	0	0	0	0	0	2	registers
gqa2	occ1	full	4	3	5	1	0.334880	0.373472	0.340384	218	2	340	128	24576	24576	0	65536	102400	1536	214	208	2	2	1	32	0	0	0	0	0	0	2	registers
gqa2	occ1	full	4	3	6	1	0.334784	0.372800	0.339456	218	2	340	128	24576	24576	0	65536	102400	1536	214	208	2	2	1	32	0	0	0	0	0	0	2	registers
gqa2	occ2	full	4	3	6	1	0.335040	0.369312	0.339808	218	2	340	128	24576	24576	0	65536	102400	1536	214	208	2	2	2	32	0	0	0	0	0	0	2	registers
gqa2	occ2	full	4	3	7	1	0.336928	0.372672	0.339616	218	2	340	128	24576	24576	0	65536	102400	1536	214	208	2	2	2	32	0	0	0	0	0	0	2	registers
gqa2	occ1	full	4	3	7	1	0.334720	0.369984	0.339552	218	2	340	128	24576	24576	0	65536	102400	1536	214	208	2	2	1	32	0	0	0	0	0	0	2	registers
gqa2	occ1	full	4	3	8	1	0.336352	0.371200	0.340160	218	2	340	128	24576	24576	0	65536	102400	1536	214	208	2	2	1	32	0	0	0	0	0	0	2	registers
gqa2	occ2	full	4	3	8	1	0.336032	0.374208	0.340288	218	2	340	128	24576	24576	0	65536	102400	1536	214	208	2	2	2	32	0	0	0	0	0	0	2	registers
gqa2	occ2	full	4	3	9	1	0.334688	0.370656	0.339520	218	2	340	128	24576	24576	0	65536	102400	1536	214	208	2	2	2	32	0	0	0	0	0	0	2	registers
gqa2	occ1	full	4	3	9	1	0.336064	0.372288	0.340032	218	2	340	128	24576	24576	0	65536	102400	1536	214	208	2	2	1	32	0	0	0	0	0	0	2	registers
gqa2	occ1	full	4	3	10	1	0.336256	0.370976	0.340128	218	2	340	128	24576	24576	0	65536	102400	1536	214	208	2	2	1	32	0	0	0	0	0	0	2	registers
gqa2	occ2	full	4	3	10	1	0.336640	0.370752	0.340256	218	2	340	128	24576	24576	0	65536	102400	1536	214	208	2	2	2	32	0	0	0	0	0	0	2	registers
gqa2	occ2	full	4	3	11	1	0.336512	0.371104	0.340256	218	2	340	128	24576	24576	0	65536	102400	1536	214	208	2	2	2	32	0	0	0	0	0	0	2	registers
gqa2	occ1	full	4	3	11	1	0.335872	0.370624	0.339968	218	2	340	128	24576	24576	0	65536	102400	1536	214	208	2	2	1	32	0	0	0	0	0	0	2	registers
gqa2	occ1	full	4	3	12	1	0.336192	0.370784	0.340128	218	2	340	128	24576	24576	0	65536	102400	1536	214	208	2	2	1	32	0	0	0	0	0	0	2	registers
gqa2	occ2	full	4	3	12	1	0.336192	0.372736	0.340096	218	2	340	128	24576	24576	0	65536	102400	1536	214	208	2	2	2	32	0	0	0	0	0	0	2	registers
gqa2	occ2	full	4	3	13	1	0.335360	0.371616	0.339744	218	2	340	128	24576	24576	0	65536	102400	1536	214	208	2	2	2	32	0	0	0	0	0	0	2	registers
gqa2	occ1	full	4	3	13	1	0.337472	0.374400	0.339808	218	2	340	128	24576	24576	0	65536	102400	1536	214	208	2	2	1	32	0	0	0	0	0	0	2	registers
gqa2	occ1	full	4	3	14	1	0.334816	0.369312	0.339904	218	2	340	128	24576	24576	0	65536	102400	1536	214	208	2	2	1	32	0	0	0	0	0	0	2	registers
gqa2	occ2	full	4	3	14	1	0.335264	0.371712	0.339840	218	2	340	128	24576	24576	0	65536	102400	1536	214	208	2	2	2	32	0	0	0	0	0	0	2	registers
gqa2	occ2	full	4	3	15	1	0.336192	0.369792	0.340320	218	2	340	128	24576	24576	0	65536	102400	1536	214	208	2	2	2	32	0	0	0	0	0	0	2	registers
gqa2	occ1	full	4	3	15	1	0.335808	0.373152	0.340864	218	2	340	128	24576	24576	0	65536	102400	1536	214	208	2	2	1	32	0	0	0	0	0	0	2	registers
gqa2	occ1	full	4	3	16	1	0.334272	0.370944	0.339552	218	2	340	128	24576	24576	0	65536	102400	1536	214	208	2	2	1	32	0	0	0	0	0	0	2	registers
gqa2	occ2	full	4	3	16	1	0.335680	0.375296	0.339904	218	2	340	128	24576	24576	0	65536	102400	1536	214	208	2	2	2	32	0	0	0	0	0	0	2	registers
gqa2	occ2	full	4	3	17	1	0.335712	0.370304	0.340256	218	2	340	128	24576	24576	0	65536	102400	1536	214	208	2	2	2	32	0	0	0	0	0	0	2	registers
gqa2	occ1	full	4	3	17	1	0.336192	0.370976	0.339232	218	2	340	128	24576	24576	0	65536	102400	1536	214	208	2	2	1	32	0	0	0	0	0	0	2	registers
gqa2	occ1	full	4	3	18	1	0.335968	0.371936	0.340000	218	2	340	128	24576	24576	0	65536	102400	1536	214	208	2	2	1	32	0	0	0	0	0	0	2	registers
gqa2	occ2	full	4	3	18	1	0.336224	0.372288	0.339456	218	2	340	128	24576	24576	0	65536	102400	1536	214	208	2	2	2	32	0	0	0	0	0	0	2	registers
gqa2	occ2	full	4	3	19	1	0.335936	0.372704	0.340000	218	2	340	128	24576	24576	0	65536	102400	1536	214	208	2	2	2	32	0	0	0	0	0	0	2	registers
gqa2	occ1	full	4	3	19	1	0.336320	0.370816	0.340000	218	2	340	128	24576	24576	0	65536	102400	1536	214	208	2	2	1	32	0	0	0	0	0	0	2	registers
gqa2	occ1	full	4	3	20	1	0.336096	0.368960	0.339616	218	2	340	128	24576	24576	0	65536	102400	1536	214	208	2	2	1	32	0	0	0	0	0	0	2	registers
gqa2	occ2	full	4	3	20	1	0.336032	0.370688	0.339776	218	2	340	128	24576	24576	0	65536	102400	1536	214	208	2	2	2	32	0	0	0	0	0	0	2	registers
gqa2	occ2	full	4	3	21	1	0.336128	0.370880	0.340032	218	2	340	128	24576	24576	0	65536	102400	1536	214	208	2	2	2	32	0	0	0	0	0	0	2	registers
gqa2	occ1	full	4	3	21	1	0.336256	0.372192	0.339808	218	2	340	128	24576	24576	0	65536	102400	1536	214	208	2	2	1	32	0	0	0	0	0	0	2	registers
gqa2	occ1	full	4	3	22	1	0.334432	0.370528	0.342464	218	2	340	128	24576	24576	0	65536	102400	1536	214	208	2	2	1	32	0	0	0	0	0	0	2	registers
gqa2	occ2	full	4	3	22	1	0.335872	0.370720	0.339776	218	2	340	128	24576	24576	0	65536	102400	1536	214	208	2	2	2	32	0	0	0	0	0	0	2	registers
gqa2	occ2	full	4	3	23	1	0.336256	0.369056	0.339584	218	2	340	128	24576	24576	0	65536	102400	1536	214	208	2	2	2	32	0	0	0	0	0	0	2	registers
gqa2	occ1	full	4	3	23	1	0.336032	0.371328	0.339456	218	2	340	128	24576	24576	0	65536	102400	1536	214	208	2	2	1	32	0	0	0	0	0	0	2	registers
gqa2	occ1	full	4	3	24	1	0.335776	0.370880	0.339744	218	2	340	128	24576	24576	0	65536	102400	1536	214	208	2	2	1	32	0	0	0	0	0	0	2	registers
gqa2	occ2	full	4	3	24	1	0.336384	0.370848	0.339392	218	2	340	128	24576	24576	0	65536	102400	1536	214	208	2	2	2	32	0	0	0	0	0	0	2	registers
gqa2	occ2	full	4	3	25	1	0.333792	0.370464	0.340320	218	2	340	128	24576	24576	0	65536	102400	1536	214	208	2	2	2	32	0	0	0	0	0	0	2	registers
gqa2	occ1	full	4	3	25	1	0.336448	0.372384	0.339776	218	2	340	128	24576	24576	0	65536	102400	1536	214	208	2	2	1	32	0	0	0	0	0	0	2	registers
gqa2	occ1	full	4	3	26	1	0.335296	0.374336	0.339936	218	2	340	128	24576	24576	0	65536	102400	1536	214	208	2	2	1	32	0	0	0	0	0	0	2	registers
gqa2	occ2	full	4	3	26	1	0.335456	0.369984	0.339712	218	2	340	128	24576	24576	0	65536	102400	1536	214	208	2	2	2	32	0	0	0	0	0	0	2	registers
gqa2	occ2	full	4	3	27	1	0.336256	0.371392	0.340064	218	2	340	128	24576	24576	0	65536	102400	1536	214	208	2	2	2	32	0	0	0	0	0	0	2	registers
gqa2	occ1	full	4	3	27	1	0.335008	0.370016	0.339776	218	2	340	128	24576	24576	0	65536	102400	1536	214	208	2	2	1	32	0	0	0	0	0	0	2	registers
gqa2	occ1	full	4	3	28	1	0.336416	0.370528	0.340960	218	2	340	128	24576	24576	0	65536	102400	1536	214	208	2	2	1	32	0	0	0	0	0	0	2	registers
gqa2	occ2	full	4	3	28	1	0.335936	0.370592	0.339808	218	2	340	128	24576	24576	0	65536	102400	1536	214	208	2	2	2	32	0	0	0	0	0	0	2	registers
gqa2	occ2	full	4	3	29	1	0.335584	0.368800	0.339104	218	2	340	128	24576	24576	0	65536	102400	1536	214	208	2	2	2	32	0	0	0	0	0	0	2	registers
gqa2	occ1	full	4	3	29	1	0.335680	0.370720	0.340096	218	2	340	128	24576	24576	0	65536	102400	1536	214	208	2	2	1	32	0	0	0	0	0	0	2	registers
gqa2	occ1	full	4	3	30	1	0.335744	0.370624	0.339744	218	2	340	128	24576	24576	0	65536	102400	1536	214	208	2	2	1	32	0	0	0	0	0	0	2	registers
gqa2	occ2	full	4	3	30	1	0.336064	0.369312	0.340096	218	2	340	128	24576	24576	0	65536	102400	1536	214	208	2	2	2	32	0	0	0	0	0	0	2	registers
gqa2	occ2	full	4	3	31	1	0.336064	0.370272	0.341056	218	2	340	128	24576	24576	0	65536	102400	1536	214	208	2	2	2	32	0	0	0	0	0	0	2	registers
gqa2	occ1	full	4	3	31	1	0.335136	0.369088	0.339776	218	2	340	128	24576	24576	0	65536	102400	1536	214	208	2	2	1	32	0	0	0	0	0	0	2	registers
gqa2	occ1	full	4	3	32	1	0.335264	0.368832	0.339968	218	2	340	128	24576	24576	0	65536	102400	1536	214	208	2	2	1	32	0	0	0	0	0	0	2	registers
gqa2	occ2	full	4	3	32	1	0.336000	0.373088	0.340000	218	2	340	128	24576	24576	0	65536	102400	1536	214	208	2	2	2	32	0	0	0	0	0	0	2	registers
gqa2	occ2	full	4	3	33	1	0.336416	0.374816	0.339712	218	2	340	128	24576	24576	0	65536	102400	1536	214	208	2	2	2	32	0	0	0	0	0	0	2	registers
gqa2	occ1	full	4	3	33	1	0.335456	0.370944	0.339840	218	2	340	128	24576	24576	0	65536	102400	1536	214	208	2	2	1	32	0	0	0	0	0	0	2	registers
gqa2	occ1	full	4	3	34	1	0.339488	0.375520	0.340576	218	2	340	128	24576	24576	0	65536	102400	1536	214	208	2	2	1	32	0	0	0	0	0	0	2	registers
gqa2	occ2	full	4	3	34	1	0.337824	0.372896	0.339808	218	2	340	128	24576	24576	0	65536	102400	1536	214	208	2	2	2	32	0	0	0	0	0	0	2	registers
gqa2	occ2	full	4	3	35	1	0.335200	0.372608	0.342368	218	2	340	128	24576	24576	0	65536	102400	1536	214	208	2	2	2	32	0	0	0	0	0	0	2	registers
gqa2	occ1	full	4	3	35	1	0.339296	0.368896	0.339488	218	2	340	128	24576	24576	0	65536	102400	1536	214	208	2	2	1	32	0	0	0	0	0	0	2	registers
gqa2	occ1	full	4	3	36	1	0.336032	0.368896	0.339360	218	2	340	128	24576	24576	0	65536	102400	1536	214	208	2	2	1	32	0	0	0	0	0	0	2	registers
gqa2	occ2	full	4	3	36	1	0.336160	0.370464	0.341376	218	2	340	128	24576	24576	0	65536	102400	1536	214	208	2	2	2	32	0	0	0	0	0	0	2	registers
gqa2	occ2	full	4	3	37	1	0.339552	0.369472	0.339584	218	2	340	128	24576	24576	0	65536	102400	1536	214	208	2	2	2	32	0	0	0	0	0	0	2	registers
gqa2	occ1	full	4	3	37	1	0.336000	0.367968	0.339808	218	2	340	128	24576	24576	0	65536	102400	1536	214	208	2	2	1	32	0	0	0	0	0	0	2	registers
gqa2	occ1	full	4	3	38	1	0.336000	0.372000	0.342560	218	2	340	128	24576	24576	0	65536	102400	1536	214	208	2	2	1	32	0	0	0	0	0	0	2	registers
gqa2	occ2	full	4	3	38	1	0.337024	0.371840	0.340128	218	2	340	128	24576	24576	0	65536	102400	1536	214	208	2	2	2	32	0	0	0	0	0	0	2	registers
gqa2	occ2	full	4	3	39	1	0.338848	0.377920	0.339584	218	2	340	128	24576	24576	0	65536	102400	1536	214	208	2	2	2	32	0	0	0	0	0	0	2	registers
gqa2	occ1	full	4	3	39	1	0.335808	0.371456	0.340064	218	2	340	128	24576	24576	0	65536	102400	1536	214	208	2	2	1	32	0	0	0	0	0	0	2	registers
gqa2	occ1	full	4	3	40	1	0.336000	0.372032	0.340448	218	2	340	128	24576	24576	0	65536	102400	1536	214	208	2	2	1	32	0	0	0	0	0	0	2	registers
gqa2	occ2	full	4	3	40	1	0.336128	0.370816	0.339808	218	2	340	128	24576	24576	0	65536	102400	1536	214	208	2	2	2	32	0	0	0	0	0	0	2	registers
gqa2	occ2	full	4	3	41	1	0.335200	0.370432	0.339616	218	2	340	128	24576	24576	0	65536	102400	1536	214	208	2	2	2	32	0	0	0	0	0	0	2	registers
gqa2	occ1	full	4	3	41	1	0.334560	0.370752	0.339744	218	2	340	128	24576	24576	0	65536	102400	1536	214	208	2	2	1	32	0	0	0	0	0	0	2	registers
gqa2	occ1	full	4	3	42	1	0.335648	0.370016	0.339200	218	2	340	128	24576	24576	0	65536	102400	1536	214	208	2	2	1	32	0	0	0	0	0	0	2	registers
gqa2	occ2	full	4	3	42	1	0.336416	0.372672	0.339520	218	2	340	128	24576	24576	0	65536	102400	1536	214	208	2	2	2	32	0	0	0	0	0	0	2	registers
gqa2	occ2	full	4	3	43	1	0.336224	0.370784	0.340096	218	2	340	128	24576	24576	0	65536	102400	1536	214	208	2	2	2	32	0	0	0	0	0	0	2	registers
gqa2	occ1	full	4	3	43	1	0.339872	0.369632	0.343744	218	2	340	128	24576	24576	0	65536	102400	1536	214	208	2	2	1	32	0	0	0	0	0	0	2	registers
gqa2	occ1	full	4	3	44	1	0.336640	0.369792	0.339520	218	2	340	128	24576	24576	0	65536	102400	1536	214	208	2	2	1	32	0	0	0	0	0	0	2	registers
gqa2	occ2	full	4	3	44	1	0.335904	0.370720	0.339712	218	2	340	128	24576	24576	0	65536	102400	1536	214	208	2	2	2	32	0	0	0	0	0	0	2	registers
gqa2	occ2	full	4	3	45	1	0.335968	0.371456	0.340224	218	2	340	128	24576	24576	0	65536	102400	1536	214	208	2	2	2	32	0	0	0	0	0	0	2	registers
gqa2	occ1	full	4	3	45	1	0.335136	0.370848	0.339808	218	2	340	128	24576	24576	0	65536	102400	1536	214	208	2	2	1	32	0	0	0	0	0	0	2	registers
gqa2	occ1	full	4	3	46	1	0.335936	0.374208	0.339776	218	2	340	128	24576	24576	0	65536	102400	1536	214	208	2	2	1	32	0	0	0	0	0	0	2	registers
gqa2	occ2	full	4	3	46	1	0.335456	0.370016	0.339648	218	2	340	128	24576	24576	0	65536	102400	1536	214	208	2	2	2	32	0	0	0	0	0	0	2	registers
gqa2	occ2	full	4	3	47	1	0.336384	0.376800	0.339712	218	2	340	128	24576	24576	0	65536	102400	1536	214	208	2	2	2	32	0	0	0	0	0	0	2	registers
gqa2	occ1	full	4	3	47	1	0.336320	0.370496	0.339616	218	2	340	128	24576	24576	0	65536	102400	1536	214	208	2	2	1	32	0	0	0	0	0	0	2	registers
gqa2	occ1	full	4	3	48	1	0.337216	0.371424	0.340128	218	2	340	128	24576	24576	0	65536	102400	1536	214	208	2	2	1	32	0	0	0	0	0	0	2	registers
gqa2	occ2	full	4	3	48	1	0.335872	0.374560	0.339872	218	2	340	128	24576	24576	0	65536	102400	1536	214	208	2	2	2	32	0	0	0	0	0	0	2	registers
gqa2	occ2	full	4	3	49	1	0.336064	0.372800	0.340160	218	2	340	128	24576	24576	0	65536	102400	1536	214	208	2	2	2	32	0	0	0	0	0	0	2	registers
gqa2	occ1	full	4	3	49	1	0.334176	0.370816	0.339680	218	2	340	128	24576	24576	0	65536	102400	1536	214	208	2	2	1	32	0	0	0	0	0	0	2	registers
gqa2	occ1	full	128	3	0	1	0.534432	0.572640	0.559232	218	2	340	128	24576	24576	0	65536	102400	1536	214	208	2	2	1	32	0	0	0	0	0	0	2	registers
gqa2	occ2	full	128	3	0	1	0.534880	0.571744	0.559424	218	2	340	128	24576	24576	0	65536	102400	1536	214	208	2	2	2	32	0	0	0	0	0	0	2	registers
gqa2	occ2	full	128	3	1	1	0.534304	0.570912	0.558624	218	2	340	128	24576	24576	0	65536	102400	1536	214	208	2	2	2	32	0	0	0	0	0	0	2	registers
gqa2	occ1	full	128	3	1	1	0.534592	0.571104	0.559488	218	2	340	128	24576	24576	0	65536	102400	1536	214	208	2	2	1	32	0	0	0	0	0	0	2	registers
gqa2	occ1	full	128	3	2	1	0.534592	0.571040	0.559520	218	2	340	128	24576	24576	0	65536	102400	1536	214	208	2	2	1	32	0	0	0	0	0	0	2	registers
gqa2	occ2	full	128	3	2	1	0.534688	0.569632	0.559328	218	2	340	128	24576	24576	0	65536	102400	1536	214	208	2	2	2	32	0	0	0	0	0	0	2	registers
gqa2	occ2	full	128	3	3	1	0.534304	0.570912	0.559552	218	2	340	128	24576	24576	0	65536	102400	1536	214	208	2	2	2	32	0	0	0	0	0	0	2	registers
gqa2	occ1	full	128	3	3	1	0.533600	0.570912	0.559520	218	2	340	128	24576	24576	0	65536	102400	1536	214	208	2	2	1	32	0	0	0	0	0	0	2	registers
gqa2	occ1	full	128	3	4	1	0.534208	0.572864	0.558720	218	2	340	128	24576	24576	0	65536	102400	1536	214	208	2	2	1	32	0	0	0	0	0	0	2	registers
gqa2	occ2	full	128	3	4	1	0.534528	0.570752	0.560640	218	2	340	128	24576	24576	0	65536	102400	1536	214	208	2	2	2	32	0	0	0	0	0	0	2	registers
gqa2	occ2	full	128	3	5	1	0.534528	0.569088	0.558688	218	2	340	128	24576	24576	0	65536	102400	1536	214	208	2	2	2	32	0	0	0	0	0	0	2	registers
gqa2	occ1	full	128	3	5	1	0.535584	0.570912	0.560000	218	2	340	128	24576	24576	0	65536	102400	1536	214	208	2	2	1	32	0	0	0	0	0	0	2	registers
gqa2	occ1	full	128	3	6	1	0.534368	0.570432	0.559296	218	2	340	128	24576	24576	0	65536	102400	1536	214	208	2	2	1	32	0	0	0	0	0	0	2	registers
gqa2	occ2	full	128	3	6	1	0.534016	0.570848	0.558976	218	2	340	128	24576	24576	0	65536	102400	1536	214	208	2	2	2	32	0	0	0	0	0	0	2	registers
gqa2	occ2	full	128	3	7	1	0.534176	0.571200	0.559648	218	2	340	128	24576	24576	0	65536	102400	1536	214	208	2	2	2	32	0	0	0	0	0	0	2	registers
gqa2	occ1	full	128	3	7	1	0.534496	0.571072	0.558752	218	2	340	128	24576	24576	0	65536	102400	1536	214	208	2	2	1	32	0	0	0	0	0	0	2	registers
gqa2	occ1	full	128	3	8	1	0.534240	0.571072	0.560832	218	2	340	128	24576	24576	0	65536	102400	1536	214	208	2	2	1	32	0	0	0	0	0	0	2	registers
gqa2	occ2	full	128	3	8	1	0.535712	0.571296	0.560512	218	2	340	128	24576	24576	0	65536	102400	1536	214	208	2	2	2	32	0	0	0	0	0	0	2	registers
gqa2	occ2	full	128	3	9	1	0.534048	0.570560	0.559360	218	2	340	128	24576	24576	0	65536	102400	1536	214	208	2	2	2	32	0	0	0	0	0	0	2	registers
gqa2	occ1	full	128	3	9	1	0.533824	0.570816	0.558880	218	2	340	128	24576	24576	0	65536	102400	1536	214	208	2	2	1	32	0	0	0	0	0	0	2	registers
gqa2	occ1	full	128	3	10	1	0.534816	0.570784	0.561216	218	2	340	128	24576	24576	0	65536	102400	1536	214	208	2	2	1	32	0	0	0	0	0	0	2	registers
gqa2	occ2	full	128	3	10	1	0.534400	0.570752	0.559104	218	2	340	128	24576	24576	0	65536	102400	1536	214	208	2	2	2	32	0	0	0	0	0	0	2	registers
gqa2	occ2	full	128	3	11	1	0.533184	0.570464	0.558720	218	2	340	128	24576	24576	0	65536	102400	1536	214	208	2	2	2	32	0	0	0	0	0	0	2	registers
gqa2	occ1	full	128	3	11	1	0.534720	0.570688	0.559296	218	2	340	128	24576	24576	0	65536	102400	1536	214	208	2	2	1	32	0	0	0	0	0	0	2	registers
gqa2	occ1	full	128	3	12	1	0.533824	0.570816	0.559840	218	2	340	128	24576	24576	0	65536	102400	1536	214	208	2	2	1	32	0	0	0	0	0	0	2	registers
gqa2	occ2	full	128	3	12	1	0.534880	0.571232	0.558080	218	2	340	128	24576	24576	0	65536	102400	1536	214	208	2	2	2	32	0	0	0	0	0	0	2	registers
gqa2	occ2	full	128	3	13	1	0.534944	0.570944	0.558976	218	2	340	128	24576	24576	0	65536	102400	1536	214	208	2	2	2	32	0	0	0	0	0	0	2	registers
gqa2	occ1	full	128	3	13	1	0.534272	0.570400	0.560320	218	2	340	128	24576	24576	0	65536	102400	1536	214	208	2	2	1	32	0	0	0	0	0	0	2	registers
gqa2	occ1	full	128	3	14	1	0.534720	0.570944	0.560128	218	2	340	128	24576	24576	0	65536	102400	1536	214	208	2	2	1	32	0	0	0	0	0	0	2	registers
gqa2	occ2	full	128	3	14	1	0.536032	0.572864	0.559744	218	2	340	128	24576	24576	0	65536	102400	1536	214	208	2	2	2	32	0	0	0	0	0	0	2	registers
gqa2	occ2	full	128	3	15	1	0.534176	0.572800	0.558720	218	2	340	128	24576	24576	0	65536	102400	1536	214	208	2	2	2	32	0	0	0	0	0	0	2	registers
gqa2	occ1	full	128	3	15	1	0.534592	0.570624	0.559200	218	2	340	128	24576	24576	0	65536	102400	1536	214	208	2	2	1	32	0	0	0	0	0	0	2	registers
gqa2	occ1	full	128	3	16	1	0.534336	0.571040	0.560064	218	2	340	128	24576	24576	0	65536	102400	1536	214	208	2	2	1	32	0	0	0	0	0	0	2	registers
gqa2	occ2	full	128	3	16	1	0.533920	0.571136	0.559136	218	2	340	128	24576	24576	0	65536	102400	1536	214	208	2	2	2	32	0	0	0	0	0	0	2	registers
gqa2	occ2	full	128	3	17	1	0.534848	0.570976	0.559008	218	2	340	128	24576	24576	0	65536	102400	1536	214	208	2	2	2	32	0	0	0	0	0	0	2	registers
gqa2	occ1	full	128	3	17	1	0.534656	0.571136	0.559456	218	2	340	128	24576	24576	0	65536	102400	1536	214	208	2	2	1	32	0	0	0	0	0	0	2	registers
gqa2	occ1	full	128	3	18	1	0.533824	0.570976	0.558656	218	2	340	128	24576	24576	0	65536	102400	1536	214	208	2	2	1	32	0	0	0	0	0	0	2	registers
gqa2	occ2	full	128	3	18	1	0.534496	0.570720	0.559232	218	2	340	128	24576	24576	0	65536	102400	1536	214	208	2	2	2	32	0	0	0	0	0	0	2	registers
gqa2	occ2	full	128	3	19	1	0.534240	0.570624	0.560352	218	2	340	128	24576	24576	0	65536	102400	1536	214	208	2	2	2	32	0	0	0	0	0	0	2	registers
gqa2	occ1	full	128	3	19	1	0.534144	0.571168	0.559552	218	2	340	128	24576	24576	0	65536	102400	1536	214	208	2	2	1	32	0	0	0	0	0	0	2	registers
gqa2	occ1	full	128	3	20	1	0.534112	0.571072	0.560128	218	2	340	128	24576	24576	0	65536	102400	1536	214	208	2	2	1	32	0	0	0	0	0	0	2	registers
gqa2	occ2	full	128	3	20	1	0.534848	0.571264	0.559200	218	2	340	128	24576	24576	0	65536	102400	1536	214	208	2	2	2	32	0	0	0	0	0	0	2	registers
gqa2	occ2	full	128	3	21	1	0.533888	0.571104	0.560800	218	2	340	128	24576	24576	0	65536	102400	1536	214	208	2	2	2	32	0	0	0	0	0	0	2	registers
gqa2	occ1	full	128	3	21	1	0.533824	0.571360	0.560256	218	2	340	128	24576	24576	0	65536	102400	1536	214	208	2	2	1	32	0	0	0	0	0	0	2	registers
gqa2	occ1	full	128	3	22	1	0.534784	0.570944	0.560288	218	2	340	128	24576	24576	0	65536	102400	1536	214	208	2	2	1	32	0	0	0	0	0	0	2	registers
gqa2	occ2	full	128	3	22	1	0.534688	0.570688	0.562560	218	2	340	128	24576	24576	0	65536	102400	1536	214	208	2	2	2	32	0	0	0	0	0	0	2	registers
gqa2	occ2	full	128	3	23	1	0.534624	0.570976	0.560416	218	2	340	128	24576	24576	0	65536	102400	1536	214	208	2	2	2	32	0	0	0	0	0	0	2	registers
gqa2	occ1	full	128	3	23	1	0.534272	0.571200	0.559008	218	2	340	128	24576	24576	0	65536	102400	1536	214	208	2	2	1	32	0	0	0	0	0	0	2	registers
gqa2	occ1	full	128	3	24	1	0.533216	0.571072	0.560448	218	2	340	128	24576	24576	0	65536	102400	1536	214	208	2	2	1	32	0	0	0	0	0	0	2	registers
gqa2	occ2	full	128	3	24	1	0.535168	0.570560	0.559616	218	2	340	128	24576	24576	0	65536	102400	1536	214	208	2	2	2	32	0	0	0	0	0	0	2	registers
gqa2	occ2	full	128	3	25	1	0.534528	0.571392	0.559424	218	2	340	128	24576	24576	0	65536	102400	1536	214	208	2	2	2	32	0	0	0	0	0	0	2	registers
gqa2	occ1	full	128	3	25	1	0.534144	0.570944	0.558560	218	2	340	128	24576	24576	0	65536	102400	1536	214	208	2	2	1	32	0	0	0	0	0	0	2	registers
gqa2	occ1	full	128	3	26	1	0.534112	0.570976	0.559424	218	2	340	128	24576	24576	0	65536	102400	1536	214	208	2	2	1	32	0	0	0	0	0	0	2	registers
gqa2	occ2	full	128	3	26	1	0.534592	0.572864	0.559328	218	2	340	128	24576	24576	0	65536	102400	1536	214	208	2	2	2	32	0	0	0	0	0	0	2	registers
gqa2	occ2	full	128	3	27	1	0.534240	0.570400	0.559712	218	2	340	128	24576	24576	0	65536	102400	1536	214	208	2	2	2	32	0	0	0	0	0	0	2	registers
gqa2	occ1	full	128	3	27	1	0.534080	0.570560	0.557664	218	2	340	128	24576	24576	0	65536	102400	1536	214	208	2	2	1	32	0	0	0	0	0	0	2	registers
gqa2	occ1	full	128	3	28	1	0.535456	0.571648	0.559520	218	2	340	128	24576	24576	0	65536	102400	1536	214	208	2	2	1	32	0	0	0	0	0	0	2	registers
gqa2	occ2	full	128	3	28	1	0.534016	0.570848	0.562496	218	2	340	128	24576	24576	0	65536	102400	1536	214	208	2	2	2	32	0	0	0	0	0	0	2	registers
gqa2	occ2	full	128	3	29	1	0.534752	0.570880	0.559424	218	2	340	128	24576	24576	0	65536	102400	1536	214	208	2	2	2	32	0	0	0	0	0	0	2	registers
gqa2	occ1	full	128	3	29	1	0.534720	0.571040	0.563392	218	2	340	128	24576	24576	0	65536	102400	1536	214	208	2	2	1	32	0	0	0	0	0	0	2	registers
gqa2	occ1	full	128	3	30	1	0.534656	0.571616	0.562624	218	2	340	128	24576	24576	0	65536	102400	1536	214	208	2	2	1	32	0	0	0	0	0	0	2	registers
gqa2	occ2	full	128	3	30	1	0.534752	0.573504	0.559968	218	2	340	128	24576	24576	0	65536	102400	1536	214	208	2	2	2	32	0	0	0	0	0	0	2	registers
gqa2	occ2	full	128	3	31	1	0.534688	0.575552	0.559264	218	2	340	128	24576	24576	0	65536	102400	1536	214	208	2	2	2	32	0	0	0	0	0	0	2	registers
gqa2	occ1	full	128	3	31	1	0.535360	0.570880	0.560288	218	2	340	128	24576	24576	0	65536	102400	1536	214	208	2	2	1	32	0	0	0	0	0	0	2	registers
gqa2	occ1	full	128	3	32	1	0.535808	0.571840	0.559392	218	2	340	128	24576	24576	0	65536	102400	1536	214	208	2	2	1	32	0	0	0	0	0	0	2	registers
gqa2	occ2	full	128	3	32	1	0.536352	0.571584	0.559392	218	2	340	128	24576	24576	0	65536	102400	1536	214	208	2	2	2	32	0	0	0	0	0	0	2	registers
gqa2	occ2	full	128	3	33	1	0.535168	0.572320	0.559296	218	2	340	128	24576	24576	0	65536	102400	1536	214	208	2	2	2	32	0	0	0	0	0	0	2	registers
gqa2	occ1	full	128	3	33	1	0.533952	0.570720	0.559296	218	2	340	128	24576	24576	0	65536	102400	1536	214	208	2	2	1	32	0	0	0	0	0	0	2	registers
gqa2	occ1	full	128	3	34	1	0.533888	0.570656	0.563744	218	2	340	128	24576	24576	0	65536	102400	1536	214	208	2	2	1	32	0	0	0	0	0	0	2	registers
gqa2	occ2	full	128	3	34	1	0.535616	0.571168	0.558528	218	2	340	128	24576	24576	0	65536	102400	1536	214	208	2	2	2	32	0	0	0	0	0	0	2	registers
gqa2	occ2	full	128	3	35	1	0.534112	0.570656	0.559456	218	2	340	128	24576	24576	0	65536	102400	1536	214	208	2	2	2	32	0	0	0	0	0	0	2	registers
gqa2	occ1	full	128	3	35	1	0.534592	0.571008	0.559680	218	2	340	128	24576	24576	0	65536	102400	1536	214	208	2	2	1	32	0	0	0	0	0	0	2	registers
gqa2	occ1	full	128	3	36	1	0.535008	0.570848	0.559936	218	2	340	128	24576	24576	0	65536	102400	1536	214	208	2	2	1	32	0	0	0	0	0	0	2	registers
gqa2	occ2	full	128	3	36	1	0.534880	0.570880	0.560320	218	2	340	128	24576	24576	0	65536	102400	1536	214	208	2	2	2	32	0	0	0	0	0	0	2	registers
gqa2	occ2	full	128	3	37	1	0.535168	0.570656	0.559840	218	2	340	128	24576	24576	0	65536	102400	1536	214	208	2	2	2	32	0	0	0	0	0	0	2	registers
gqa2	occ1	full	128	3	37	1	0.534208	0.572128	0.560000	218	2	340	128	24576	24576	0	65536	102400	1536	214	208	2	2	1	32	0	0	0	0	0	0	2	registers
gqa2	occ1	full	128	3	38	1	0.534880	0.570560	0.560416	218	2	340	128	24576	24576	0	65536	102400	1536	214	208	2	2	1	32	0	0	0	0	0	0	2	registers
gqa2	occ2	full	128	3	38	1	0.534112	0.570944	0.560096	218	2	340	128	24576	24576	0	65536	102400	1536	214	208	2	2	2	32	0	0	0	0	0	0	2	registers
gqa2	occ2	full	128	3	39	1	0.535168	0.571168	0.559744	218	2	340	128	24576	24576	0	65536	102400	1536	214	208	2	2	2	32	0	0	0	0	0	0	2	registers
gqa2	occ1	full	128	3	39	1	0.534400	0.571296	0.559360	218	2	340	128	24576	24576	0	65536	102400	1536	214	208	2	2	1	32	0	0	0	0	0	0	2	registers
gqa2	occ1	full	128	3	40	1	0.534720	0.571456	0.559200	218	2	340	128	24576	24576	0	65536	102400	1536	214	208	2	2	1	32	0	0	0	0	0	0	2	registers
gqa2	occ2	full	128	3	40	1	0.536512	0.571104	0.559840	218	2	340	128	24576	24576	0	65536	102400	1536	214	208	2	2	2	32	0	0	0	0	0	0	2	registers
gqa2	occ2	full	128	3	41	1	0.534336	0.570880	0.558848	218	2	340	128	24576	24576	0	65536	102400	1536	214	208	2	2	2	32	0	0	0	0	0	0	2	registers
gqa2	occ1	full	128	3	41	1	0.534496	0.570560	0.558720	218	2	340	128	24576	24576	0	65536	102400	1536	214	208	2	2	1	32	0	0	0	0	0	0	2	registers
gqa2	occ1	full	128	3	42	1	0.534656	0.570656	0.559104	218	2	340	128	24576	24576	0	65536	102400	1536	214	208	2	2	1	32	0	0	0	0	0	0	2	registers
gqa2	occ2	full	128	3	42	1	0.534240	0.571200	0.558912	218	2	340	128	24576	24576	0	65536	102400	1536	214	208	2	2	2	32	0	0	0	0	0	0	2	registers
gqa2	occ2	full	128	3	43	1	0.532864	0.569664	0.558720	218	2	340	128	24576	24576	0	65536	102400	1536	214	208	2	2	2	32	0	0	0	0	0	0	2	registers
gqa2	occ1	full	128	3	43	1	0.533856	0.571328	0.559360	218	2	340	128	24576	24576	0	65536	102400	1536	214	208	2	2	1	32	0	0	0	0	0	0	2	registers
gqa2	occ1	full	128	3	44	1	0.533504	0.570944	0.560544	218	2	340	128	24576	24576	0	65536	102400	1536	214	208	2	2	1	32	0	0	0	0	0	0	2	registers
gqa2	occ2	full	128	3	44	1	0.534432	0.571200	0.559712	218	2	340	128	24576	24576	0	65536	102400	1536	214	208	2	2	2	32	0	0	0	0	0	0	2	registers
gqa2	occ2	full	128	3	45	1	0.534528	0.570720	0.560000	218	2	340	128	24576	24576	0	65536	102400	1536	214	208	2	2	2	32	0	0	0	0	0	0	2	registers
gqa2	occ1	full	128	3	45	1	0.534688	0.572384	0.559008	218	2	340	128	24576	24576	0	65536	102400	1536	214	208	2	2	1	32	0	0	0	0	0	0	2	registers
gqa2	occ1	full	128	3	46	1	0.534336	0.570592	0.560032	218	2	340	128	24576	24576	0	65536	102400	1536	214	208	2	2	1	32	0	0	0	0	0	0	2	registers
gqa2	occ2	full	128	3	46	1	0.534048	0.571488	0.559136	218	2	340	128	24576	24576	0	65536	102400	1536	214	208	2	2	2	32	0	0	0	0	0	0	2	registers
gqa2	occ2	full	128	3	47	1	0.536384	0.570528	0.558848	218	2	340	128	24576	24576	0	65536	102400	1536	214	208	2	2	2	32	0	0	0	0	0	0	2	registers
gqa2	occ1	full	128	3	47	1	0.539456	0.570976	0.559968	218	2	340	128	24576	24576	0	65536	102400	1536	214	208	2	2	1	32	0	0	0	0	0	0	2	registers
gqa2	occ1	full	128	3	48	1	0.534304	0.569184	0.559680	218	2	340	128	24576	24576	0	65536	102400	1536	214	208	2	2	1	32	0	0	0	0	0	0	2	registers
gqa2	occ2	full	128	3	48	1	0.533888	0.571200	0.560448	218	2	340	128	24576	24576	0	65536	102400	1536	214	208	2	2	2	32	0	0	0	0	0	0	2	registers
gqa2	occ2	full	128	3	49	1	0.534368	0.573184	0.560768	218	2	340	128	24576	24576	0	65536	102400	1536	214	208	2	2	2	32	0	0	0	0	0	0	2	registers
gqa2	occ1	full	128	3	49	1	0.532704	0.570912	0.559200	218	2	340	128	24576	24576	0	65536	102400	1536	214	208	2	2	1	32	0	0	0	0	0	0	2	registers
mha4	occ1	full	4	3	0	1	0.669312	0.749184	0.683520	218	2	340	128	24576	24576	0	65536	102400	1536	214	208	2	2	1	32	0	0	0	0	0	0	2	registers
mha4	occ2	full	4	3	0	1	0.668832	0.751360	0.688128	218	2	340	128	24576	24576	0	65536	102400	1536	214	208	2	2	2	32	0	0	0	0	0	0	2	registers
mha4	occ2	full	4	3	1	1	0.667936	0.749760	0.682464	218	2	340	128	24576	24576	0	65536	102400	1536	214	208	2	2	2	32	0	0	0	0	0	0	2	registers
mha4	occ1	full	4	3	1	1	0.667968	0.753728	0.682976	218	2	340	128	24576	24576	0	65536	102400	1536	214	208	2	2	1	32	0	0	0	0	0	0	2	registers
mha4	occ1	full	4	3	2	1	0.669728	0.752896	0.683040	218	2	340	128	24576	24576	0	65536	102400	1536	214	208	2	2	1	32	0	0	0	0	0	0	2	registers
mha4	occ2	full	4	3	2	1	0.667392	0.747616	0.682528	218	2	340	128	24576	24576	0	65536	102400	1536	214	208	2	2	2	32	0	0	0	0	0	0	2	registers
mha4	occ2	full	4	3	3	1	0.667712	0.751072	0.681568	218	2	340	128	24576	24576	0	65536	102400	1536	214	208	2	2	2	32	0	0	0	0	0	0	2	registers
mha4	occ1	full	4	3	3	1	0.666912	0.749472	0.685888	218	2	340	128	24576	24576	0	65536	102400	1536	214	208	2	2	1	32	0	0	0	0	0	0	2	registers
mha4	occ1	full	4	3	4	1	0.667456	0.745536	0.684544	218	2	340	128	24576	24576	0	65536	102400	1536	214	208	2	2	1	32	0	0	0	0	0	0	2	registers
mha4	occ2	full	4	3	4	1	0.666848	0.749664	0.683200	218	2	340	128	24576	24576	0	65536	102400	1536	214	208	2	2	2	32	0	0	0	0	0	0	2	registers
mha4	occ2	full	4	3	5	1	0.665376	0.753248	0.681792	218	2	340	128	24576	24576	0	65536	102400	1536	214	208	2	2	2	32	0	0	0	0	0	0	2	registers
mha4	occ1	full	4	3	5	1	0.667200	0.749280	0.682656	218	2	340	128	24576	24576	0	65536	102400	1536	214	208	2	2	1	32	0	0	0	0	0	0	2	registers
mha4	occ1	full	4	3	6	1	0.668864	0.749568	0.684576	218	2	340	128	24576	24576	0	65536	102400	1536	214	208	2	2	1	32	0	0	0	0	0	0	2	registers
mha4	occ2	full	4	3	6	1	0.667264	0.751296	0.682336	218	2	340	128	24576	24576	0	65536	102400	1536	214	208	2	2	2	32	0	0	0	0	0	0	2	registers
mha4	occ2	full	4	3	7	1	0.667488	0.749600	0.683680	218	2	340	128	24576	24576	0	65536	102400	1536	214	208	2	2	2	32	0	0	0	0	0	0	2	registers
mha4	occ1	full	4	3	7	1	0.669280	0.749568	0.682720	218	2	340	128	24576	24576	0	65536	102400	1536	214	208	2	2	1	32	0	0	0	0	0	0	2	registers
mha4	occ1	full	4	3	8	1	0.667072	0.757376	0.683328	218	2	340	128	24576	24576	0	65536	102400	1536	214	208	2	2	1	32	0	0	0	0	0	0	2	registers
mha4	occ2	full	4	3	8	1	0.668704	0.747296	0.682944	218	2	340	128	24576	24576	0	65536	102400	1536	214	208	2	2	2	32	0	0	0	0	0	0	2	registers
mha4	occ2	full	4	3	9	1	0.669536	0.753152	0.683232	218	2	340	128	24576	24576	0	65536	102400	1536	214	208	2	2	2	32	0	0	0	0	0	0	2	registers
mha4	occ1	full	4	3	9	1	0.666528	0.748800	0.682880	218	2	340	128	24576	24576	0	65536	102400	1536	214	208	2	2	1	32	0	0	0	0	0	0	2	registers
mha4	occ1	full	4	3	10	1	0.666528	0.743040	0.681856	218	2	340	128	24576	24576	0	65536	102400	1536	214	208	2	2	1	32	0	0	0	0	0	0	2	registers
mha4	occ2	full	4	3	10	1	0.669184	0.749536	0.682080	218	2	340	128	24576	24576	0	65536	102400	1536	214	208	2	2	2	32	0	0	0	0	0	0	2	registers
mha4	occ2	full	4	3	11	1	0.667520	0.746560	0.685440	218	2	340	128	24576	24576	0	65536	102400	1536	214	208	2	2	2	32	0	0	0	0	0	0	2	registers
mha4	occ1	full	4	3	11	1	0.665536	0.744416	0.681952	218	2	340	128	24576	24576	0	65536	102400	1536	214	208	2	2	1	32	0	0	0	0	0	0	2	registers
mha4	occ1	full	4	3	12	1	0.668000	0.749856	0.683808	218	2	340	128	24576	24576	0	65536	102400	1536	214	208	2	2	1	32	0	0	0	0	0	0	2	registers
mha4	occ2	full	4	3	12	1	0.667008	0.749664	0.684800	218	2	340	128	24576	24576	0	65536	102400	1536	214	208	2	2	2	32	0	0	0	0	0	0	2	registers
mha4	occ2	full	4	3	13	1	0.666976	0.751168	0.681952	218	2	340	128	24576	24576	0	65536	102400	1536	214	208	2	2	2	32	0	0	0	0	0	0	2	registers
mha4	occ1	full	4	3	13	1	0.666016	0.748960	0.683072	218	2	340	128	24576	24576	0	65536	102400	1536	214	208	2	2	1	32	0	0	0	0	0	0	2	registers
mha4	occ1	full	4	3	14	1	0.667200	0.754656	0.683616	218	2	340	128	24576	24576	0	65536	102400	1536	214	208	2	2	1	32	0	0	0	0	0	0	2	registers
mha4	occ2	full	4	3	14	1	0.666976	0.748640	0.684864	218	2	340	128	24576	24576	0	65536	102400	1536	214	208	2	2	2	32	0	0	0	0	0	0	2	registers
mha4	occ2	full	4	3	15	1	0.667008	0.744096	0.683840	218	2	340	128	24576	24576	0	65536	102400	1536	214	208	2	2	2	32	0	0	0	0	0	0	2	registers
mha4	occ1	full	4	3	15	1	0.668576	0.753056	0.683296	218	2	340	128	24576	24576	0	65536	102400	1536	214	208	2	2	1	32	0	0	0	0	0	0	2	registers
mha4	occ1	full	4	3	16	1	0.667040	0.751584	0.683104	218	2	340	128	24576	24576	0	65536	102400	1536	214	208	2	2	1	32	0	0	0	0	0	0	2	registers
mha4	occ2	full	4	3	16	1	0.665376	0.749376	0.681760	218	2	340	128	24576	24576	0	65536	102400	1536	214	208	2	2	2	32	0	0	0	0	0	0	2	registers
mha4	occ2	full	4	3	17	1	0.666784	0.748896	0.683552	218	2	340	128	24576	24576	0	65536	102400	1536	214	208	2	2	2	32	0	0	0	0	0	0	2	registers
mha4	occ1	full	4	3	17	1	0.667296	0.750784	0.682592	218	2	340	128	24576	24576	0	65536	102400	1536	214	208	2	2	1	32	0	0	0	0	0	0	2	registers
mha4	occ1	full	4	3	18	1	0.667328	0.751136	0.684320	218	2	340	128	24576	24576	0	65536	102400	1536	214	208	2	2	1	32	0	0	0	0	0	0	2	registers
mha4	occ2	full	4	3	18	1	0.667456	0.751488	0.680096	218	2	340	128	24576	24576	0	65536	102400	1536	214	208	2	2	2	32	0	0	0	0	0	0	2	registers
mha4	occ2	full	4	3	19	1	0.669280	0.749312	0.684800	218	2	340	128	24576	24576	0	65536	102400	1536	214	208	2	2	2	32	0	0	0	0	0	0	2	registers
mha4	occ1	full	4	3	19	1	0.667520	0.749088	0.681728	218	2	340	128	24576	24576	0	65536	102400	1536	214	208	2	2	1	32	0	0	0	0	0	0	2	registers
mha4	occ1	full	4	3	20	1	0.670176	0.750016	0.682464	218	2	340	128	24576	24576	0	65536	102400	1536	214	208	2	2	1	32	0	0	0	0	0	0	2	registers
mha4	occ2	full	4	3	20	1	0.668864	0.748992	0.683712	218	2	340	128	24576	24576	0	65536	102400	1536	214	208	2	2	2	32	0	0	0	0	0	0	2	registers
mha4	occ2	full	4	3	21	1	0.666208	0.749920	0.685952	218	2	340	128	24576	24576	0	65536	102400	1536	214	208	2	2	2	32	0	0	0	0	0	0	2	registers
mha4	occ1	full	4	3	21	1	0.666944	0.751392	0.686944	218	2	340	128	24576	24576	0	65536	102400	1536	214	208	2	2	1	32	0	0	0	0	0	0	2	registers
mha4	occ1	full	4	3	22	1	0.665408	0.746912	0.693248	218	2	340	128	24576	24576	0	65536	102400	1536	214	208	2	2	1	32	0	0	0	0	0	0	2	registers
mha4	occ2	full	4	3	22	1	0.668128	0.753440	0.682848	218	2	340	128	24576	24576	0	65536	102400	1536	214	208	2	2	2	32	0	0	0	0	0	0	2	registers
mha4	occ2	full	4	3	23	1	0.667808	0.757024	0.684608	218	2	340	128	24576	24576	0	65536	102400	1536	214	208	2	2	2	32	0	0	0	0	0	0	2	registers
mha4	occ1	full	4	3	23	1	0.668096	0.751552	0.684192	218	2	340	128	24576	24576	0	65536	102400	1536	214	208	2	2	1	32	0	0	0	0	0	0	2	registers
mha4	occ1	full	4	3	24	1	0.668448	0.754304	0.684064	218	2	340	128	24576	24576	0	65536	102400	1536	214	208	2	2	1	32	0	0	0	0	0	0	2	registers
mha4	occ2	full	4	3	24	1	0.669728	0.753952	0.682272	218	2	340	128	24576	24576	0	65536	102400	1536	214	208	2	2	2	32	0	0	0	0	0	0	2	registers
mha4	occ2	full	4	3	25	1	0.667232	0.745600	0.683456	218	2	340	128	24576	24576	0	65536	102400	1536	214	208	2	2	2	32	0	0	0	0	0	0	2	registers
mha4	occ1	full	4	3	25	1	0.666720	0.748928	0.681248	218	2	340	128	24576	24576	0	65536	102400	1536	214	208	2	2	1	32	0	0	0	0	0	0	2	registers
mha4	occ1	full	4	3	26	1	0.667104	0.749984	0.682016	218	2	340	128	24576	24576	0	65536	102400	1536	214	208	2	2	1	32	0	0	0	0	0	0	2	registers
mha4	occ2	full	4	3	26	1	0.665216	0.751072	0.684544	218	2	340	128	24576	24576	0	65536	102400	1536	214	208	2	2	2	32	0	0	0	0	0	0	2	registers
mha4	occ2	full	4	3	27	1	0.667136	0.749088	0.684640	218	2	340	128	24576	24576	0	65536	102400	1536	214	208	2	2	2	32	0	0	0	0	0	0	2	registers
mha4	occ1	full	4	3	27	1	0.667040	0.747168	0.682464	218	2	340	128	24576	24576	0	65536	102400	1536	214	208	2	2	1	32	0	0	0	0	0	0	2	registers
mha4	occ1	full	4	3	28	1	0.667232	0.749184	0.681952	218	2	340	128	24576	24576	0	65536	102400	1536	214	208	2	2	1	32	0	0	0	0	0	0	2	registers
mha4	occ2	full	4	3	28	1	0.667840	0.753248	0.686496	218	2	340	128	24576	24576	0	65536	102400	1536	214	208	2	2	2	32	0	0	0	0	0	0	2	registers
mha4	occ2	full	4	3	29	1	0.666880	0.749632	0.680384	218	2	340	128	24576	24576	0	65536	102400	1536	214	208	2	2	2	32	0	0	0	0	0	0	2	registers
mha4	occ1	full	4	3	29	1	0.667200	0.747072	0.683232	218	2	340	128	24576	24576	0	65536	102400	1536	214	208	2	2	1	32	0	0	0	0	0	0	2	registers
mha4	occ1	full	4	3	30	1	0.668736	0.749088	0.682368	218	2	340	128	24576	24576	0	65536	102400	1536	214	208	2	2	1	32	0	0	0	0	0	0	2	registers
mha4	occ2	full	4	3	30	1	0.667104	0.751232	0.683008	218	2	340	128	24576	24576	0	65536	102400	1536	214	208	2	2	2	32	0	0	0	0	0	0	2	registers
mha4	occ2	full	4	3	31	1	0.668160	0.755296	0.685792	218	2	340	128	24576	24576	0	65536	102400	1536	214	208	2	2	2	32	0	0	0	0	0	0	2	registers
mha4	occ1	full	4	3	31	1	0.666976	0.749248	0.681376	218	2	340	128	24576	24576	0	65536	102400	1536	214	208	2	2	1	32	0	0	0	0	0	0	2	registers
mha4	occ1	full	4	3	32	1	0.669216	0.753440	0.683040	218	2	340	128	24576	24576	0	65536	102400	1536	214	208	2	2	1	32	0	0	0	0	0	0	2	registers
mha4	occ2	full	4	3	32	1	0.667296	0.747264	0.684224	218	2	340	128	24576	24576	0	65536	102400	1536	214	208	2	2	2	32	0	0	0	0	0	0	2	registers
mha4	occ2	full	4	3	33	1	0.668832	0.750944	0.682944	218	2	340	128	24576	24576	0	65536	102400	1536	214	208	2	2	2	32	0	0	0	0	0	0	2	registers
mha4	occ1	full	4	3	33	1	0.668672	0.750464	0.683360	218	2	340	128	24576	24576	0	65536	102400	1536	214	208	2	2	1	32	0	0	0	0	0	0	2	registers
mha4	occ1	full	4	3	34	1	0.667232	0.747488	0.683296	218	2	340	128	24576	24576	0	65536	102400	1536	214	208	2	2	1	32	0	0	0	0	0	0	2	registers
mha4	occ2	full	4	3	34	1	0.667712	0.751008	0.680608	218	2	340	128	24576	24576	0	65536	102400	1536	214	208	2	2	2	32	0	0	0	0	0	0	2	registers
mha4	occ2	full	4	3	35	1	0.668032	0.751456	0.683008	218	2	340	128	24576	24576	0	65536	102400	1536	214	208	2	2	2	32	0	0	0	0	0	0	2	registers
mha4	occ1	full	4	3	35	1	0.665792	0.755040	0.682368	218	2	340	128	24576	24576	0	65536	102400	1536	214	208	2	2	1	32	0	0	0	0	0	0	2	registers
mha4	occ1	full	4	3	36	1	0.669024	0.748832	0.683296	218	2	340	128	24576	24576	0	65536	102400	1536	214	208	2	2	1	32	0	0	0	0	0	0	2	registers
mha4	occ2	full	4	3	36	1	0.667552	0.746912	0.682880	218	2	340	128	24576	24576	0	65536	102400	1536	214	208	2	2	2	32	0	0	0	0	0	0	2	registers
mha4	occ2	full	4	3	37	1	0.669088	0.750624	0.681664	218	2	340	128	24576	24576	0	65536	102400	1536	214	208	2	2	2	32	0	0	0	0	0	0	2	registers
mha4	occ1	full	4	3	37	1	0.667488	0.749376	0.681152	218	2	340	128	24576	24576	0	65536	102400	1536	214	208	2	2	1	32	0	0	0	0	0	0	2	registers
mha4	occ1	full	4	3	38	1	0.666400	0.750688	0.681088	218	2	340	128	24576	24576	0	65536	102400	1536	214	208	2	2	1	32	0	0	0	0	0	0	2	registers
mha4	occ2	full	4	3	38	1	0.666912	0.750976	0.682496	218	2	340	128	24576	24576	0	65536	102400	1536	214	208	2	2	2	32	0	0	0	0	0	0	2	registers
mha4	occ2	full	4	3	39	1	0.667776	0.747296	0.684128	218	2	340	128	24576	24576	0	65536	102400	1536	214	208	2	2	2	32	0	0	0	0	0	0	2	registers
mha4	occ1	full	4	3	39	1	0.667584	0.749568	0.681344	218	2	340	128	24576	24576	0	65536	102400	1536	214	208	2	2	1	32	0	0	0	0	0	0	2	registers
mha4	occ1	full	4	3	40	1	0.667744	0.750624	0.682784	218	2	340	128	24576	24576	0	65536	102400	1536	214	208	2	2	1	32	0	0	0	0	0	0	2	registers
mha4	occ2	full	4	3	40	1	0.667712	0.749504	0.683904	218	2	340	128	24576	24576	0	65536	102400	1536	214	208	2	2	2	32	0	0	0	0	0	0	2	registers
mha4	occ2	full	4	3	41	1	0.669312	0.751296	0.683360	218	2	340	128	24576	24576	0	65536	102400	1536	214	208	2	2	2	32	0	0	0	0	0	0	2	registers
mha4	occ1	full	4	3	41	1	0.665632	0.751520	0.683744	218	2	340	128	24576	24576	0	65536	102400	1536	214	208	2	2	1	32	0	0	0	0	0	0	2	registers
mha4	occ1	full	4	3	42	1	0.667328	0.753696	0.684512	218	2	340	128	24576	24576	0	65536	102400	1536	214	208	2	2	1	32	0	0	0	0	0	0	2	registers
mha4	occ2	full	4	3	42	1	0.668256	0.751136	0.683296	218	2	340	128	24576	24576	0	65536	102400	1536	214	208	2	2	2	32	0	0	0	0	0	0	2	registers
mha4	occ2	full	4	3	43	1	0.665184	0.746944	0.686592	218	2	340	128	24576	24576	0	65536	102400	1536	214	208	2	2	2	32	0	0	0	0	0	0	2	registers
mha4	occ1	full	4	3	43	1	0.667200	0.751168	0.681440	218	2	340	128	24576	24576	0	65536	102400	1536	214	208	2	2	1	32	0	0	0	0	0	0	2	registers
mha4	occ1	full	4	3	44	1	0.667104	0.749280	0.682304	218	2	340	128	24576	24576	0	65536	102400	1536	214	208	2	2	1	32	0	0	0	0	0	0	2	registers
mha4	occ2	full	4	3	44	1	0.665184	0.746976	0.684000	218	2	340	128	24576	24576	0	65536	102400	1536	214	208	2	2	2	32	0	0	0	0	0	0	2	registers
mha4	occ2	full	4	3	45	1	0.669088	0.749248	0.680352	218	2	340	128	24576	24576	0	65536	102400	1536	214	208	2	2	2	32	0	0	0	0	0	0	2	registers
mha4	occ1	full	4	3	45	1	0.668608	0.750944	0.683136	218	2	340	128	24576	24576	0	65536	102400	1536	214	208	2	2	1	32	0	0	0	0	0	0	2	registers
mha4	occ1	full	4	3	46	1	0.665184	0.754816	0.682080	218	2	340	128	24576	24576	0	65536	102400	1536	214	208	2	2	1	32	0	0	0	0	0	0	2	registers
mha4	occ2	full	4	3	46	1	0.667200	0.750816	0.684672	218	2	340	128	24576	24576	0	65536	102400	1536	214	208	2	2	2	32	0	0	0	0	0	0	2	registers
mha4	occ2	full	4	3	47	1	0.667136	0.751264	0.683296	218	2	340	128	24576	24576	0	65536	102400	1536	214	208	2	2	2	32	0	0	0	0	0	0	2	registers
mha4	occ1	full	4	3	47	1	0.667392	0.752544	0.681504	218	2	340	128	24576	24576	0	65536	102400	1536	214	208	2	2	1	32	0	0	0	0	0	0	2	registers
mha4	occ1	full	4	3	48	1	0.665760	0.747360	0.684256	218	2	340	128	24576	24576	0	65536	102400	1536	214	208	2	2	1	32	0	0	0	0	0	0	2	registers
mha4	occ2	full	4	3	48	1	0.667264	0.748512	0.682464	218	2	340	128	24576	24576	0	65536	102400	1536	214	208	2	2	2	32	0	0	0	0	0	0	2	registers
mha4	occ2	full	4	3	49	1	0.667936	0.749344	0.684224	218	2	340	128	24576	24576	0	65536	102400	1536	214	208	2	2	2	32	0	0	0	0	0	0	2	registers
mha4	occ1	full	4	3	49	1	0.668032	0.749696	0.680000	218	2	340	128	24576	24576	0	65536	102400	1536	214	208	2	2	1	32	0	0	0	0	0	0	2	registers
mha4	occ1	full	128	3	0	1	1.068128	1.170752	1.124320	218	2	340	128	24576	24576	0	65536	102400	1536	214	208	2	2	1	32	0	0	0	0	0	0	2	registers
mha4	occ2	full	128	3	0	1	1.068832	1.171328	1.122848	218	2	340	128	24576	24576	0	65536	102400	1536	214	208	2	2	2	32	0	0	0	0	0	0	2	registers
mha4	occ2	full	128	3	1	1	1.066976	1.168384	1.124768	218	2	340	128	24576	24576	0	65536	102400	1536	214	208	2	2	2	32	0	0	0	0	0	0	2	registers
mha4	occ1	full	128	3	1	1	1.067328	1.168960	1.124352	218	2	340	128	24576	24576	0	65536	102400	1536	214	208	2	2	1	32	0	0	0	0	0	0	2	registers
mha4	occ1	full	128	3	2	1	1.067168	1.170208	1.123456	218	2	340	128	24576	24576	0	65536	102400	1536	214	208	2	2	1	32	0	0	0	0	0	0	2	registers
mha4	occ2	full	128	3	2	1	1.068352	1.169248	1.124416	218	2	340	128	24576	24576	0	65536	102400	1536	214	208	2	2	2	32	0	0	0	0	0	0	2	registers
mha4	occ2	full	128	3	3	1	1.067232	1.169280	1.123456	218	2	340	128	24576	24576	0	65536	102400	1536	214	208	2	2	2	32	0	0	0	0	0	0	2	registers
mha4	occ1	full	128	3	3	1	1.066880	1.168512	1.123552	218	2	340	128	24576	24576	0	65536	102400	1536	214	208	2	2	1	32	0	0	0	0	0	0	2	registers
mha4	occ1	full	128	3	4	1	1.068128	1.169024	1.124736	218	2	340	128	24576	24576	0	65536	102400	1536	214	208	2	2	1	32	0	0	0	0	0	0	2	registers
mha4	occ2	full	128	3	4	1	1.068160	1.168448	1.125024	218	2	340	128	24576	24576	0	65536	102400	1536	214	208	2	2	2	32	0	0	0	0	0	0	2	registers
mha4	occ2	full	128	3	5	1	1.067264	1.169600	1.123840	218	2	340	128	24576	24576	0	65536	102400	1536	214	208	2	2	2	32	0	0	0	0	0	0	2	registers
mha4	occ1	full	128	3	5	1	1.067488	1.167328	1.123488	218	2	340	128	24576	24576	0	65536	102400	1536	214	208	2	2	1	32	0	0	0	0	0	0	2	registers
mha4	occ1	full	128	3	6	1	1.067232	1.170976	1.125184	218	2	340	128	24576	24576	0	65536	102400	1536	214	208	2	2	1	32	0	0	0	0	0	0	2	registers
mha4	occ2	full	128	3	6	1	1.068864	1.172192	1.126688	218	2	340	128	24576	24576	0	65536	102400	1536	214	208	2	2	2	32	0	0	0	0	0	0	2	registers
mha4	occ2	full	128	3	7	1	1.068672	1.169440	1.124768	218	2	340	128	24576	24576	0	65536	102400	1536	214	208	2	2	2	32	0	0	0	0	0	0	2	registers
mha4	occ1	full	128	3	7	1	1.071264	1.173312	1.124480	218	2	340	128	24576	24576	0	65536	102400	1536	214	208	2	2	1	32	0	0	0	0	0	0	2	registers
mha4	occ1	full	128	3	8	1	1.071264	1.169824	1.126976	218	2	340	128	24576	24576	0	65536	102400	1536	214	208	2	2	1	32	0	0	0	0	0	0	2	registers
mha4	occ2	full	128	3	8	1	1.066624	1.171552	1.122272	218	2	340	128	24576	24576	0	65536	102400	1536	214	208	2	2	2	32	0	0	0	0	0	0	2	registers
mha4	occ2	full	128	3	9	1	1.068768	1.169472	1.123488	218	2	340	128	24576	24576	0	65536	102400	1536	214	208	2	2	2	32	0	0	0	0	0	0	2	registers
mha4	occ1	full	128	3	9	1	1.068896	1.169568	1.124160	218	2	340	128	24576	24576	0	65536	102400	1536	214	208	2	2	1	32	0	0	0	0	0	0	2	registers
mha4	occ1	full	128	3	10	1	1.068864	1.169760	1.124640	218	2	340	128	24576	24576	0	65536	102400	1536	214	208	2	2	1	32	0	0	0	0	0	0	2	registers
mha4	occ2	full	128	3	10	1	1.068640	1.169408	1.124896	218	2	340	128	24576	24576	0	65536	102400	1536	214	208	2	2	2	32	0	0	0	0	0	0	2	registers
mha4	occ2	full	128	3	11	1	1.066944	1.167456	1.124384	218	2	340	128	24576	24576	0	65536	102400	1536	214	208	2	2	2	32	0	0	0	0	0	0	2	registers
mha4	occ1	full	128	3	11	1	1.068576	1.168672	1.123488	218	2	340	128	24576	24576	0	65536	102400	1536	214	208	2	2	1	32	0	0	0	0	0	0	2	registers
mha4	occ1	full	128	3	12	1	1.065728	1.169920	1.124928	218	2	340	128	24576	24576	0	65536	102400	1536	214	208	2	2	1	32	0	0	0	0	0	0	2	registers
mha4	occ2	full	128	3	12	1	1.069408	1.169920	1.125984	218	2	340	128	24576	24576	0	65536	102400	1536	214	208	2	2	2	32	0	0	0	0	0	0	2	registers
mha4	occ2	full	128	3	13	1	1.068192	1.169472	1.123392	218	2	340	128	24576	24576	0	65536	102400	1536	214	208	2	2	2	32	0	0	0	0	0	0	2	registers
mha4	occ1	full	128	3	13	1	1.068608	1.170880	1.123712	218	2	340	128	24576	24576	0	65536	102400	1536	214	208	2	2	1	32	0	0	0	0	0	0	2	registers
mha4	occ1	full	128	3	14	1	1.064160	1.168640	1.124128	218	2	340	128	24576	24576	0	65536	102400	1536	214	208	2	2	1	32	0	0	0	0	0	0	2	registers
mha4	occ2	full	128	3	14	1	1.067328	1.169280	1.123584	218	2	340	128	24576	24576	0	65536	102400	1536	214	208	2	2	2	32	0	0	0	0	0	0	2	registers
mha4	occ2	full	128	3	15	1	1.067328	1.169504	1.123776	218	2	340	128	24576	24576	0	65536	102400	1536	214	208	2	2	2	32	0	0	0	0	0	0	2	registers
mha4	occ1	full	128	3	15	1	1.068704	1.168256	1.123840	218	2	340	128	24576	24576	0	65536	102400	1536	214	208	2	2	1	32	0	0	0	0	0	0	2	registers
mha4	occ1	full	128	3	16	1	1.067552	1.169472	1.124480	218	2	340	128	24576	24576	0	65536	102400	1536	214	208	2	2	1	32	0	0	0	0	0	0	2	registers
mha4	occ2	full	128	3	16	1	1.068384	1.168896	1.123200	218	2	340	128	24576	24576	0	65536	102400	1536	214	208	2	2	2	32	0	0	0	0	0	0	2	registers
mha4	occ2	full	128	3	17	1	1.066720	1.169120	1.125024	218	2	340	128	24576	24576	0	65536	102400	1536	214	208	2	2	2	32	0	0	0	0	0	0	2	registers
mha4	occ1	full	128	3	17	1	1.068960	1.170976	1.124192	218	2	340	128	24576	24576	0	65536	102400	1536	214	208	2	2	1	32	0	0	0	0	0	0	2	registers
mha4	occ1	full	128	3	18	1	1.068864	1.169280	1.124448	218	2	340	128	24576	24576	0	65536	102400	1536	214	208	2	2	1	32	0	0	0	0	0	0	2	registers
mha4	occ2	full	128	3	18	1	1.068672	1.171200	1.124128	218	2	340	128	24576	24576	0	65536	102400	1536	214	208	2	2	2	32	0	0	0	0	0	0	2	registers
mha4	occ2	full	128	3	19	1	1.069568	1.169184	1.125120	218	2	340	128	24576	24576	0	65536	102400	1536	214	208	2	2	2	32	0	0	0	0	0	0	2	registers
mha4	occ1	full	128	3	19	1	1.067168	1.169376	1.124256	218	2	340	128	24576	24576	0	65536	102400	1536	214	208	2	2	1	32	0	0	0	0	0	0	2	registers
mha4	occ1	full	128	3	20	1	1.068896	1.169504	1.124288	218	2	340	128	24576	24576	0	65536	102400	1536	214	208	2	2	1	32	0	0	0	0	0	0	2	registers
mha4	occ2	full	128	3	20	1	1.069312	1.169824	1.124288	218	2	340	128	24576	24576	0	65536	102400	1536	214	208	2	2	2	32	0	0	0	0	0	0	2	registers
mha4	occ2	full	128	3	21	1	1.069088	1.167680	1.123072	218	2	340	128	24576	24576	0	65536	102400	1536	214	208	2	2	2	32	0	0	0	0	0	0	2	registers
mha4	occ1	full	128	3	21	1	1.069152	1.169440	1.124768	218	2	340	128	24576	24576	0	65536	102400	1536	214	208	2	2	1	32	0	0	0	0	0	0	2	registers
mha4	occ1	full	128	3	22	1	1.067520	1.170016	1.123232	218	2	340	128	24576	24576	0	65536	102400	1536	214	208	2	2	1	32	0	0	0	0	0	0	2	registers
mha4	occ2	full	128	3	22	1	1.066976	1.169600	1.124192	218	2	340	128	24576	24576	0	65536	102400	1536	214	208	2	2	2	32	0	0	0	0	0	0	2	registers
mha4	occ2	full	128	3	23	1	1.068032	1.169536	1.124256	218	2	340	128	24576	24576	0	65536	102400	1536	214	208	2	2	2	32	0	0	0	0	0	0	2	registers
mha4	occ1	full	128	3	23	1	1.067712	1.169024	1.124288	218	2	340	128	24576	24576	0	65536	102400	1536	214	208	2	2	1	32	0	0	0	0	0	0	2	registers
mha4	occ1	full	128	3	24	1	1.069600	1.169760	1.124896	218	2	340	128	24576	24576	0	65536	102400	1536	214	208	2	2	1	32	0	0	0	0	0	0	2	registers
mha4	occ2	full	128	3	24	1	1.068768	1.169408	1.122880	218	2	340	128	24576	24576	0	65536	102400	1536	214	208	2	2	2	32	0	0	0	0	0	0	2	registers
mha4	occ2	full	128	3	25	1	1.068384	1.169344	1.124032	218	2	340	128	24576	24576	0	65536	102400	1536	214	208	2	2	2	32	0	0	0	0	0	0	2	registers
mha4	occ1	full	128	3	25	1	1.068352	1.169856	1.124512	218	2	340	128	24576	24576	0	65536	102400	1536	214	208	2	2	1	32	0	0	0	0	0	0	2	registers
mha4	occ1	full	128	3	26	1	1.068160	1.169888	1.123552	218	2	340	128	24576	24576	0	65536	102400	1536	214	208	2	2	1	32	0	0	0	0	0	0	2	registers
mha4	occ2	full	128	3	26	1	1.068384	1.167936	1.124192	218	2	340	128	24576	24576	0	65536	102400	1536	214	208	2	2	2	32	0	0	0	0	0	0	2	registers
mha4	occ2	full	128	3	27	1	1.069280	1.167744	1.122816	218	2	340	128	24576	24576	0	65536	102400	1536	214	208	2	2	2	32	0	0	0	0	0	0	2	registers
mha4	occ1	full	128	3	27	1	1.065216	1.167648	1.124320	218	2	340	128	24576	24576	0	65536	102400	1536	214	208	2	2	1	32	0	0	0	0	0	0	2	registers
mha4	occ1	full	128	3	28	1	1.066784	1.169696	1.124512	218	2	340	128	24576	24576	0	65536	102400	1536	214	208	2	2	1	32	0	0	0	0	0	0	2	registers
mha4	occ2	full	128	3	28	1	1.068896	1.169152	1.123744	218	2	340	128	24576	24576	0	65536	102400	1536	214	208	2	2	2	32	0	0	0	0	0	0	2	registers
mha4	occ2	full	128	3	29	1	1.067840	1.168768	1.124032	218	2	340	128	24576	24576	0	65536	102400	1536	214	208	2	2	2	32	0	0	0	0	0	0	2	registers
mha4	occ1	full	128	3	29	1	1.069248	1.169824	1.124544	218	2	340	128	24576	24576	0	65536	102400	1536	214	208	2	2	1	32	0	0	0	0	0	0	2	registers
mha4	occ1	full	128	3	30	1	1.067136	1.169568	1.124128	218	2	340	128	24576	24576	0	65536	102400	1536	214	208	2	2	1	32	0	0	0	0	0	0	2	registers
mha4	occ2	full	128	3	30	1	1.068224	1.169696	1.124032	218	2	340	128	24576	24576	0	65536	102400	1536	214	208	2	2	2	32	0	0	0	0	0	0	2	registers
mha4	occ2	full	128	3	31	1	1.067136	1.168256	1.125024	218	2	340	128	24576	24576	0	65536	102400	1536	214	208	2	2	2	32	0	0	0	0	0	0	2	registers
mha4	occ1	full	128	3	31	1	1.067296	1.170208	1.124576	218	2	340	128	24576	24576	0	65536	102400	1536	214	208	2	2	1	32	0	0	0	0	0	0	2	registers
mha4	occ1	full	128	3	32	1	1.067808	1.169376	1.125088	218	2	340	128	24576	24576	0	65536	102400	1536	214	208	2	2	1	32	0	0	0	0	0	0	2	registers
mha4	occ2	full	128	3	32	1	1.066912	1.169344	1.122368	218	2	340	128	24576	24576	0	65536	102400	1536	214	208	2	2	2	32	0	0	0	0	0	0	2	registers
mha4	occ2	full	128	3	33	1	1.068224	1.169440	1.123776	218	2	340	128	24576	24576	0	65536	102400	1536	214	208	2	2	2	32	0	0	0	0	0	0	2	registers
mha4	occ1	full	128	3	33	1	1.066784	1.169344	1.124320	218	2	340	128	24576	24576	0	65536	102400	1536	214	208	2	2	1	32	0	0	0	0	0	0	2	registers
mha4	occ1	full	128	3	34	1	1.069280	1.169216	1.124032	218	2	340	128	24576	24576	0	65536	102400	1536	214	208	2	2	1	32	0	0	0	0	0	0	2	registers
mha4	occ2	full	128	3	34	1	1.067648	1.169792	1.123040	218	2	340	128	24576	24576	0	65536	102400	1536	214	208	2	2	2	32	0	0	0	0	0	0	2	registers
mha4	occ2	full	128	3	35	1	1.066816	1.169472	1.122752	218	2	340	128	24576	24576	0	65536	102400	1536	214	208	2	2	2	32	0	0	0	0	0	0	2	registers
mha4	occ1	full	128	3	35	1	1.067808	1.168256	1.124192	218	2	340	128	24576	24576	0	65536	102400	1536	214	208	2	2	1	32	0	0	0	0	0	0	2	registers
mha4	occ1	full	128	3	36	1	1.067680	1.169728	1.124416	218	2	340	128	24576	24576	0	65536	102400	1536	214	208	2	2	1	32	0	0	0	0	0	0	2	registers
mha4	occ2	full	128	3	36	1	1.067040	1.169184	1.124704	218	2	340	128	24576	24576	0	65536	102400	1536	214	208	2	2	2	32	0	0	0	0	0	0	2	registers
mha4	occ2	full	128	3	37	1	1.066592	1.169056	1.124320	218	2	340	128	24576	24576	0	65536	102400	1536	214	208	2	2	2	32	0	0	0	0	0	0	2	registers
mha4	occ1	full	128	3	37	1	1.067072	1.171872	1.124064	218	2	340	128	24576	24576	0	65536	102400	1536	214	208	2	2	1	32	0	0	0	0	0	0	2	registers
mha4	occ1	full	128	3	38	1	1.067392	1.169536	1.123680	218	2	340	128	24576	24576	0	65536	102400	1536	214	208	2	2	1	32	0	0	0	0	0	0	2	registers
mha4	occ2	full	128	3	38	1	1.067040	1.170016	1.121984	218	2	340	128	24576	24576	0	65536	102400	1536	214	208	2	2	2	32	0	0	0	0	0	0	2	registers
mha4	occ2	full	128	3	39	1	1.066752	1.169536	1.123168	218	2	340	128	24576	24576	0	65536	102400	1536	214	208	2	2	2	32	0	0	0	0	0	0	2	registers
mha4	occ1	full	128	3	39	1	1.067360	1.167776	1.124224	218	2	340	128	24576	24576	0	65536	102400	1536	214	208	2	2	1	32	0	0	0	0	0	0	2	registers
mha4	occ1	full	128	3	40	1	1.067776	1.169888	1.123712	218	2	340	128	24576	24576	0	65536	102400	1536	214	208	2	2	1	32	0	0	0	0	0	0	2	registers
mha4	occ2	full	128	3	40	1	1.067424	1.171552	1.126624	218	2	340	128	24576	24576	0	65536	102400	1536	214	208	2	2	2	32	0	0	0	0	0	0	2	registers
mha4	occ2	full	128	3	41	1	1.069248	1.169856	1.123424	218	2	340	128	24576	24576	0	65536	102400	1536	214	208	2	2	2	32	0	0	0	0	0	0	2	registers
mha4	occ1	full	128	3	41	1	1.067936	1.169312	1.123104	218	2	340	128	24576	24576	0	65536	102400	1536	214	208	2	2	1	32	0	0	0	0	0	0	2	registers
mha4	occ1	full	128	3	42	1	1.067872	1.168960	1.124160	218	2	340	128	24576	24576	0	65536	102400	1536	214	208	2	2	1	32	0	0	0	0	0	0	2	registers
mha4	occ2	full	128	3	42	1	1.067104	1.169888	1.124320	218	2	340	128	24576	24576	0	65536	102400	1536	214	208	2	2	2	32	0	0	0	0	0	0	2	registers
mha4	occ2	full	128	3	43	1	1.068992	1.169344	1.123040	218	2	340	128	24576	24576	0	65536	102400	1536	214	208	2	2	2	32	0	0	0	0	0	0	2	registers
mha4	occ1	full	128	3	43	1	1.068640	1.167616	1.125056	218	2	340	128	24576	24576	0	65536	102400	1536	214	208	2	2	1	32	0	0	0	0	0	0	2	registers
mha4	occ1	full	128	3	44	1	1.067904	1.171136	1.124096	218	2	340	128	24576	24576	0	65536	102400	1536	214	208	2	2	1	32	0	0	0	0	0	0	2	registers
mha4	occ2	full	128	3	44	1	1.072768	1.172736	1.124928	218	2	340	128	24576	24576	0	65536	102400	1536	214	208	2	2	2	32	0	0	0	0	0	0	2	registers
mha4	occ2	full	128	3	45	1	1.071296	1.172864	1.125120	218	2	340	128	24576	24576	0	65536	102400	1536	214	208	2	2	2	32	0	0	0	0	0	0	2	registers
mha4	occ1	full	128	3	45	1	1.073024	1.175584	1.125888	218	2	340	128	24576	24576	0	65536	102400	1536	214	208	2	2	1	32	0	0	0	0	0	0	2	registers
mha4	occ1	full	128	3	46	1	1.073312	1.172896	1.125440	218	2	340	128	24576	24576	0	65536	102400	1536	214	208	2	2	1	32	0	0	0	0	0	0	2	registers
mha4	occ2	full	128	3	46	1	1.075264	1.174848	1.125184	218	2	340	128	24576	24576	0	65536	102400	1536	214	208	2	2	2	32	0	0	0	0	0	0	2	registers
mha4	occ2	full	128	3	47	1	1.071360	1.173568	1.125184	218	2	340	128	24576	24576	0	65536	102400	1536	214	208	2	2	2	32	0	0	0	0	0	0	2	registers
mha4	occ1	full	128	3	47	1	1.066624	1.173408	1.123872	218	2	340	128	24576	24576	0	65536	102400	1536	214	208	2	2	1	32	0	0	0	0	0	0	2	registers
mha4	occ1	full	128	3	48	1	1.068896	1.169632	1.125152	218	2	340	128	24576	24576	0	65536	102400	1536	214	208	2	2	1	32	0	0	0	0	0	0	2	registers
mha4	occ2	full	128	3	48	1	1.071072	1.174976	1.125952	218	2	340	128	24576	24576	0	65536	102400	1536	214	208	2	2	2	32	0	0	0	0	0	0	2	registers
mha4	occ2	full	128	3	49	1	1.072512	1.172864	1.124832	218	2	340	128	24576	24576	0	65536	102400	1536	214	208	2	2	2	32	0	0	0	0	0	0	2	registers
mha4	occ1	full	128	3	49	1	1.072672	1.172768	1.125888	218	2	340	128	24576	24576	0	65536	102400	1536	214	208	2	2	1	32	0	0	0	0	0	0	2	registers
