node	op	target	shape
p_layers_0_input_norm_weight	placeholder	p_layers_0_input_norm_weight	('512',)
p_layers_0_q_proj_weight	placeholder	p_layers_0_q_proj_weight	('512', '512')
p_layers_0_k_proj_weight	placeholder	p_layers_0_k_proj_weight	('256', '512')
p_layers_0_v_proj_weight	placeholder	p_layers_0_v_proj_weight	('256', '512')
p_layers_0_o_proj_weight	placeholder	p_layers_0_o_proj_weight	('512', '512')
p_layers_0_post_norm_weight	placeholder	p_layers_0_post_norm_weight	('512',)
p_layers_0_gate_proj_weight	placeholder	p_layers_0_gate_proj_weight	('1024', '512')
p_layers_0_up_proj_weight	placeholder	p_layers_0_up_proj_weight	('1024', '512')
p_layers_0_down_proj_weight	placeholder	p_layers_0_down_proj_weight	('512', '1024')
p_layers_1_input_norm_weight	placeholder	p_layers_1_input_norm_weight	('512',)
p_layers_1_q_proj_weight	placeholder	p_layers_1_q_proj_weight	('512', '512')
p_layers_1_k_proj_weight	placeholder	p_layers_1_k_proj_weight	('256', '512')
p_layers_1_v_proj_weight	placeholder	p_layers_1_v_proj_weight	('256', '512')
p_layers_1_o_proj_weight	placeholder	p_layers_1_o_proj_weight	('512', '512')
p_layers_1_post_norm_weight	placeholder	p_layers_1_post_norm_weight	('512',)
p_layers_1_gate_proj_weight	placeholder	p_layers_1_gate_proj_weight	('1024', '512')
p_layers_1_up_proj_weight	placeholder	p_layers_1_up_proj_weight	('1024', '512')
p_layers_1_down_proj_weight	placeholder	p_layers_1_down_proj_weight	('512', '1024')
b_layers_0_inv_freq	placeholder	b_layers_0_inv_freq	('64',)
b_layers_1_inv_freq	placeholder	b_layers_1_inv_freq	('64',)
hidden	placeholder	hidden	('1', 's11', '512')
past_k0	placeholder	past_k0	('1', '2', 's14', '128')
past_v0	placeholder	past_v0	('1', '2', 's61', '128')
past_k1	placeholder	past_k1	('1', '2', 's14', '128')
past_v1	placeholder	past_v1	('1', '2', 's65', '128')
sym_size_int_9	call_function	aten.sym_size.int	-
sym_size_int_12	call_function	aten.sym_size.int	-
_assert_tensor_metadata_default	call_function	aten._assert_tensor_metadata.default	-
to	call_function	aten.to.dtype	('1', 's11', '512')
pow_1	call_function	aten.pow.Tensor_Scalar	('1', 's11', '512')
mean	call_function	aten.mean.dim	('1', 's11', '1')
_assert_tensor_metadata_default_1	call_function	aten._assert_tensor_metadata.default	-
to_1	call_function	aten.to.dtype	('1', 's11', '512')
add	call_function	aten.add.Tensor	('1', 's11', '1')
rsqrt	call_function	aten.rsqrt.default	('1', 's11', '1')
mul	call_function	aten.mul.Tensor	('1', 's11', '512')
_assert_tensor_metadata_default_2	call_function	aten._assert_tensor_metadata.default	-
to_2	call_function	aten.to.dtype	('1', 's11', '512')
mul_1	call_function	aten.mul.Tensor	('1', 's11', '512')
linear	call_function	aten.linear.default	('1', 's11', '512')
view	call_function	aten.view.default	('1', 's11', '4', '128')
transpose	call_function	aten.transpose.int	('1', '4', 's11', '128')
linear_1	call_function	aten.linear.default	('1', 's11', '256')
view_1	call_function	aten.view.default	('1', 's11', '2', '128')
transpose_1	call_function	aten.transpose.int	('1', '2', 's11', '128')
linear_2	call_function	aten.linear.default	('1', 's11', '256')
view_2	call_function	aten.view.default	('1', 's11', '2', '128')
transpose_2	call_function	aten.transpose.int	('1', '2', 's11', '128')
add_1	call_function	<built-in function add>	-
arange	call_function	aten.arange.start	('s11',)
outer	call_function	aten.outer.default	('s11', '64')
cat	call_function	aten.cat.default	('s11', '128')
unsqueeze	call_function	aten.unsqueeze.default	('1', 's11', '128')
unsqueeze_1	call_function	aten.unsqueeze.default	('1', '1', 's11', '128')
cos	call_function	aten.cos.default	('1', '1', 's11', '128')
mul_2	call_function	aten.mul.Tensor	('1', '4', 's11', '128')
chunk	call_function	aten.chunk.default	[('1', '4', 's11', '64'), ('1', '4', 's11', '64')]
getitem	call_function	<built-in function getitem>	('1', '4', 's11', '64')
getitem_1	call_function	<built-in function getitem>	('1', '4', 's11', '64')
neg	call_function	aten.neg.default	('1', '4', 's11', '64')
cat_1	call_function	aten.cat.default	('1', '4', 's11', '128')
sin	call_function	aten.sin.default	('1', '1', 's11', '128')
mul_3	call_function	aten.mul.Tensor	('1', '4', 's11', '128')
add_2	call_function	aten.add.Tensor	('1', '4', 's11', '128')
cos_1	call_function	aten.cos.default	('1', '1', 's11', '128')
mul_4	call_function	aten.mul.Tensor	('1', '2', 's11', '128')
chunk_1	call_function	aten.chunk.default	[('1', '2', 's11', '64'), ('1', '2', 's11', '64')]
getitem_2	call_function	<built-in function getitem>	('1', '2', 's11', '64')
getitem_3	call_function	<built-in function getitem>	('1', '2', 's11', '64')
neg_1	call_function	aten.neg.default	('1', '2', 's11', '64')
cat_2	call_function	aten.cat.default	('1', '2', 's11', '128')
sin_1	call_function	aten.sin.default	('1', '1', 's11', '128')
mul_5	call_function	aten.mul.Tensor	('1', '2', 's11', '128')
add_3	call_function	aten.add.Tensor	('1', '2', 's11', '128')
cat_3	call_function	aten.cat.default	('1', '2', 's11 + s14', '128')
cat_4	call_function	aten.cat.default	('1', '2', 's11 + s61', '128')
repeat_interleave	call_function	aten.repeat_interleave.self_int	('1', '4', 's11 + s14', '128')
repeat_interleave_1	call_function	aten.repeat_interleave.self_int	('1', '4', 's11 + s61', '128')
transpose_3	call_function	aten.transpose.int	('1', '4', '128', 's11 + s14')
matmul	call_function	aten.matmul.default	('1', '4', 's11', 's11 + s14')
div	call_function	aten.div.Tensor	('1', '4', 's11', 's11 + s14')
arange_1	call_function	aten.arange.start	('s11',)
unsqueeze_2	call_function	aten.unsqueeze.default	('s11', '1')
arange_2	call_function	aten.arange.default	('s11 + s14',)
unsqueeze_3	call_function	aten.unsqueeze.default	('1', 's11 + s14')
gt	call_function	aten.gt.Tensor	('s11', 's11 + s14')
masked_fill	call_function	aten.masked_fill.Scalar	('1', '4', 's11', 's11 + s14')
_assert_tensor_metadata_default_3	call_function	aten._assert_tensor_metadata.default	-
to_3	call_function	aten.to.dtype	('1', '4', 's11', 's11 + s14')
softmax	call_function	aten.softmax.int	('1', '4', 's11', 's11 + s14')
_assert_tensor_metadata_default_4	call_function	aten._assert_tensor_metadata.default	-
to_4	call_function	aten.to.dtype	('1', '4', 's11', 's11 + s14')
matmul_1	call_function	aten.matmul.default	('1', '4', 's11', '128')
transpose_4	call_function	aten.transpose.int	('1', 's11', '4', '128')
contiguous	call_function	aten.contiguous.default	('1', 's11', '4', '128')
view_3	call_function	aten.view.default	('1', 's11', '512')
linear_3	call_function	aten.linear.default	('1', 's11', '512')
add_6	call_function	aten.add.Tensor	('1', 's11', '512')
_assert_tensor_metadata_default_5	call_function	aten._assert_tensor_metadata.default	-
to_5	call_function	aten.to.dtype	('1', 's11', '512')
pow_2	call_function	aten.pow.Tensor_Scalar	('1', 's11', '512')
mean_1	call_function	aten.mean.dim	('1', 's11', '1')
_assert_tensor_metadata_default_6	call_function	aten._assert_tensor_metadata.default	-
to_6	call_function	aten.to.dtype	('1', 's11', '512')
add_7	call_function	aten.add.Tensor	('1', 's11', '1')
rsqrt_1	call_function	aten.rsqrt.default	('1', 's11', '1')
mul_6	call_function	aten.mul.Tensor	('1', 's11', '512')
_assert_tensor_metadata_default_7	call_function	aten._assert_tensor_metadata.default	-
to_7	call_function	aten.to.dtype	('1', 's11', '512')
mul_7	call_function	aten.mul.Tensor	('1', 's11', '512')
linear_4	call_function	aten.linear.default	('1', 's11', '1024')
silu	call_function	aten.silu.default	('1', 's11', '1024')
linear_5	call_function	aten.linear.default	('1', 's11', '1024')
mul_8	call_function	aten.mul.Tensor	('1', 's11', '1024')
linear_6	call_function	aten.linear.default	('1', 's11', '512')
add_8	call_function	aten.add.Tensor	('1', 's11', '512')
_assert_tensor_metadata_default_8	call_function	aten._assert_tensor_metadata.default	-
to_8	call_function	aten.to.dtype	('1', 's11', '512')
pow_3	call_function	aten.pow.Tensor_Scalar	('1', 's11', '512')
mean_2	call_function	aten.mean.dim	('1', 's11', '1')
_assert_tensor_metadata_default_9	call_function	aten._assert_tensor_metadata.default	-
to_9	call_function	aten.to.dtype	('1', 's11', '512')
add_9	call_function	aten.add.Tensor	('1', 's11', '1')
rsqrt_2	call_function	aten.rsqrt.default	('1', 's11', '1')
mul_9	call_function	aten.mul.Tensor	('1', 's11', '512')
_assert_tensor_metadata_default_10	call_function	aten._assert_tensor_metadata.default	-
to_10	call_function	aten.to.dtype	('1', 's11', '512')
mul_10	call_function	aten.mul.Tensor	('1', 's11', '512')
linear_7	call_function	aten.linear.default	('1', 's11', '512')
view_4	call_function	aten.view.default	('1', 's11', '4', '128')
transpose_5	call_function	aten.transpose.int	('1', '4', 's11', '128')
linear_8	call_function	aten.linear.default	('1', 's11', '256')
view_5	call_function	aten.view.default	('1', 's11', '2', '128')
transpose_6	call_function	aten.transpose.int	('1', '2', 's11', '128')
linear_9	call_function	aten.linear.default	('1', 's11', '256')
view_6	call_function	aten.view.default	('1', 's11', '2', '128')
transpose_7	call_function	aten.transpose.int	('1', '2', 's11', '128')
arange_3	call_function	aten.arange.start	('s11',)
outer_1	call_function	aten.outer.default	('s11', '64')
cat_5	call_function	aten.cat.default	('s11', '128')
unsqueeze_4	call_function	aten.unsqueeze.default	('1', 's11', '128')
unsqueeze_5	call_function	aten.unsqueeze.default	('1', '1', 's11', '128')
cos_2	call_function	aten.cos.default	('1', '1', 's11', '128')
mul_11	call_function	aten.mul.Tensor	('1', '4', 's11', '128')
chunk_2	call_function	aten.chunk.default	[('1', '4', 's11', '64'), ('1', '4', 's11', '64')]
getitem_4	call_function	<built-in function getitem>	('1', '4', 's11', '64')
getitem_5	call_function	<built-in function getitem>	('1', '4', 's11', '64')
neg_2	call_function	aten.neg.default	('1', '4', 's11', '64')
cat_6	call_function	aten.cat.default	('1', '4', 's11', '128')
sin_2	call_function	aten.sin.default	('1', '1', 's11', '128')
mul_12	call_function	aten.mul.Tensor	('1', '4', 's11', '128')
add_11	call_function	aten.add.Tensor	('1', '4', 's11', '128')
cos_3	call_function	aten.cos.default	('1', '1', 's11', '128')
mul_13	call_function	aten.mul.Tensor	('1', '2', 's11', '128')
chunk_3	call_function	aten.chunk.default	[('1', '2', 's11', '64'), ('1', '2', 's11', '64')]
getitem_6	call_function	<built-in function getitem>	('1', '2', 's11', '64')
getitem_7	call_function	<built-in function getitem>	('1', '2', 's11', '64')
neg_3	call_function	aten.neg.default	('1', '2', 's11', '64')
cat_7	call_function	aten.cat.default	('1', '2', 's11', '128')
sin_3	call_function	aten.sin.default	('1', '1', 's11', '128')
mul_14	call_function	aten.mul.Tensor	('1', '2', 's11', '128')
add_12	call_function	aten.add.Tensor	('1', '2', 's11', '128')
cat_8	call_function	aten.cat.default	('1', '2', 's11 + s14', '128')
cat_9	call_function	aten.cat.default	('1', '2', 's11 + s65', '128')
repeat_interleave_2	call_function	aten.repeat_interleave.self_int	('1', '4', 's11 + s14', '128')
repeat_interleave_3	call_function	aten.repeat_interleave.self_int	('1', '4', 's11 + s65', '128')
transpose_8	call_function	aten.transpose.int	('1', '4', '128', 's11 + s14')
matmul_2	call_function	aten.matmul.default	('1', '4', 's11', 's11 + s14')
div_1	call_function	aten.div.Tensor	('1', '4', 's11', 's11 + s14')
arange_4	call_function	aten.arange.start	('s11',)
unsqueeze_6	call_function	aten.unsqueeze.default	('s11', '1')
arange_5	call_function	aten.arange.default	('s11 + s14',)
unsqueeze_7	call_function	aten.unsqueeze.default	('1', 's11 + s14')
gt_1	call_function	aten.gt.Tensor	('s11', 's11 + s14')
masked_fill_1	call_function	aten.masked_fill.Scalar	('1', '4', 's11', 's11 + s14')
_assert_tensor_metadata_default_11	call_function	aten._assert_tensor_metadata.default	-
to_11	call_function	aten.to.dtype	('1', '4', 's11', 's11 + s14')
softmax_1	call_function	aten.softmax.int	('1', '4', 's11', 's11 + s14')
_assert_tensor_metadata_default_12	call_function	aten._assert_tensor_metadata.default	-
to_12	call_function	aten.to.dtype	('1', '4', 's11', 's11 + s14')
matmul_3	call_function	aten.matmul.default	('1', '4', 's11', '128')
transpose_9	call_function	aten.transpose.int	('1', 's11', '4', '128')
contiguous_1	call_function	aten.contiguous.default	('1', 's11', '4', '128')
view_7	call_function	aten.view.default	('1', 's11', '512')
linear_10	call_function	aten.linear.default	('1', 's11', '512')
add_15	call_function	aten.add.Tensor	('1', 's11', '512')
_assert_tensor_metadata_default_13	call_function	aten._assert_tensor_metadata.default	-
to_13	call_function	aten.to.dtype	('1', 's11', '512')
pow_4	call_function	aten.pow.Tensor_Scalar	('1', 's11', '512')
mean_3	call_function	aten.mean.dim	('1', 's11', '1')
_assert_tensor_metadata_default_14	call_function	aten._assert_tensor_metadata.default	-
to_14	call_function	aten.to.dtype	('1', 's11', '512')
add_16	call_function	aten.add.Tensor	('1', 's11', '1')
rsqrt_3	call_function	aten.rsqrt.default	('1', 's11', '1')
mul_15	call_function	aten.mul.Tensor	('1', 's11', '512')
_assert_tensor_metadata_default_15	call_function	aten._assert_tensor_metadata.default	-
to_15	call_function	aten.to.dtype	('1', 's11', '512')
mul_16	call_function	aten.mul.Tensor	('1', 's11', '512')
linear_11	call_function	aten.linear.default	('1', 's11', '1024')
silu_1	call_function	aten.silu.default	('1', 's11', '1024')
linear_12	call_function	aten.linear.default	('1', 's11', '1024')
mul_17	call_function	aten.mul.Tensor	('1', 's11', '1024')
linear_13	call_function	aten.linear.default	('1', 's11', '512')
add_17	call_function	aten.add.Tensor	('1', 's11', '512')
output	output	output	-
