tile_m	tile_n	tile_k	stages	split	occupancy	bottleneck	tc_ns	cuda_ns	sfu_ns	tmem_ns	smem_ns	l1_5_ns	l2_ns	ddr_ns	net_ns
32	16	16	2	1	5	l2	58.258465283346254	0	0	0	0	0	192.30769396298504	0	0
32	16	16	2	2	5	l2	58.258465283346254	0	0	0	0	0	192.30769396298504	0	0
32	16	16	2	4	5	l2	58.258465283346254	0	0	0	0	0	192.30769396298504	0	0
32	16	16	2	8	5	l2	58.258465283346254	0	0	0	0	0	192.30769396298504	0	0
32	16	16	2	16	5	l2	58.258465283346254	0	0	0	0	0	192.30769396298504	0	0
32	16	16	3	1	5	l2	58.258465283346254	0	0	0	0	0	192.30769396298504	0	0
32	16	16	3	2	5	l2	58.258465283346254	0	0	0	0	0	192.30769396298504	0	0
32	16	16	3	4	5	l2	58.258465283346254	0	0	0	0	0	192.30769396298504	0	0
32	16	16	3	8	5	l2	58.258465283346254	0	0	0	0	0	192.30769396298504	0	0
32	16	16	3	16	5	l2	58.258465283346254	0	0	0	0	0	192.30769396298504	0	0
32	16	16	4	1	5	l2	58.258465283346254	0	0	0	0	0	192.30769396298504	0	0
32	16	16	4	2	5	l2	58.258465283346254	0	0	0	0	0	192.30769396298504	0	0
32	16	16	4	4	5	l2	58.258465283346254	0	0	0	0	0	192.30769396298504	0	0
32	16	16	4	8	5	l2	58.258465283346254	0	0	0	0	0	192.30769396298504	0	0
32	16	16	4	16	5	l2	58.258465283346254	0	0	0	0	0	192.30769396298504	0	0
32	16	16	5	1	5	l2	58.258465283346254	0	0	0	0	0	192.30769396298504	0	0
32	16	16	5	2	5	l2	58.258465283346254	0	0	0	0	0	192.30769396298504	0	0
32	16	16	5	4	5	l2	58.258465283346254	0	0	0	0	0	192.30769396298504	0	0
32	16	16	5	8	5	l2	58.258465283346254	0	0	0	0	0	192.30769396298504	0	0
32	16	16	5	16	5	l2	58.258465283346254	0	0	0	0	0	192.30769396298504	0	0
32	16	32	2	1	5	l2	116.51693056669251	0	0	0	0	0	384.61538792597008	0	0
32	16	32	2	2	5	l2	116.51693056669251	0	0	0	0	0	384.61538792597008	0	0
32	16	32	2	4	5	l2	116.51693056669251	0	0	0	0	0	384.61538792597008	0	0
32	16	32	2	8	5	l2	116.51693056669251	0	0	0	0	0	384.61538792597008	0	0
32	16	32	2	16	5	l2	116.51693056669251	0	0	0	0	0	384.61538792597008	0	0
32	16	32	3	1	5	l2	116.51693056669251	0	0	0	0	0	384.61538792597008	0	0
32	16	32	3	2	5	l2	116.51693056669251	0	0	0	0	0	384.61538792597008	0	0
32	16	32	3	4	5	l2	116.51693056669251	0	0	0	0	0	384.61538792597008	0	0
32	16	32	3	8	5	l2	116.51693056669251	0	0	0	0	0	384.61538792597008	0	0
32	16	32	3	16	5	l2	116.51693056669251	0	0	0	0	0	384.61538792597008	0	0
32	16	32	4	1	5	l2	116.51693056669251	0	0	0	0	0	384.61538792597008	0	0
32	16	32	4	2	5	l2	116.51693056669251	0	0	0	0	0	384.61538792597008	0	0
32	16	32	4	4	5	l2	116.51693056669251	0	0	0	0	0	384.61538792597008	0	0
32	16	32	4	8	5	l2	116.51693056669251	0	0	0	0	0	384.61538792597008	0	0
32	16	32	4	16	5	l2	116.51693056669251	0	0	0	0	0	384.61538792597008	0	0
32	16	32	5	1	5	l2	116.51693056669251	0	0	0	0	0	384.61538792597008	0	0
32	16	32	5	2	5	l2	116.51693056669251	0	0	0	0	0	384.61538792597008	0	0
32	16	32	5	4	5	l2	116.51693056669251	0	0	0	0	0	384.61538792597008	0	0
32	16	32	5	8	5	l2	116.51693056669251	0	0	0	0	0	384.61538792597008	0	0
32	16	32	5	16	5	l2	116.51693056669251	0	0	0	0	0	384.61538792597008	0	0
32	32	16	2	1	5	l2	116.51693056669251	0	0	0	0	0	256.41025861731339	0	0
32	32	16	2	2	5	l2	116.51693056669251	0	0	0	0	0	256.41025861731339	0	0
32	32	16	2	4	5	l2	116.51693056669251	0	0	0	0	0	256.41025861731339	0	0
32	32	16	2	8	5	l2	116.51693056669251	0	0	0	0	0	256.41025861731339	0	0
32	32	16	2	16	5	l2	116.51693056669251	0	0	0	0	0	256.41025861731339	0	0
32	32	16	3	1	5	l2	116.51693056669251	0	0	0	0	0	256.41025861731339	0	0
32	32	16	3	2	5	l2	116.51693056669251	0	0	0	0	0	256.41025861731339	0	0
32	32	16	3	4	5	l2	116.51693056669251	0	0	0	0	0	256.41025861731339	0	0
32	32	16	3	8	5	l2	116.51693056669251	0	0	0	0	0	256.41025861731339	0	0
32	32	16	3	16	5	l2	116.51693056669251	0	0	0	0	0	256.41025861731339	0	0
32	32	16	4	1	5	l2	116.51693056669251	0	0	0	0	0	256.41025861731339	0	0
32	32	16	4	2	5	l2	116.51693056669251	0	0	0	0	0	256.41025861731339	0	0
32	32	16	4	4	5	l2	116.51693056669251	0	0	0	0	0	256.41025861731339	0	0
32	32	16	4	8	5	l2	116.51693056669251	0	0	0	0	0	256.41025861731339	0	0
32	32	16	4	16	5	l2	116.51693056669251	0	0	0	0	0	256.41025861731339	0	0
32	32	16	5	1	5	l2	116.51693056669251	0	0	0	0	0	256.41025861731339	0	0
32	32	16	5	2	5	l2	116.51693056669251	0	0	0	0	0	256.41025861731339	0	0
32	32	16	5	4	5	l2	116.51693056669251	0	0	0	0	0	256.41025861731339	0	0
32	32	16	5	8	5	l2	116.51693056669251	0	0	0	0	0	256.41025861731339	0	0
32	32	16	5	16	5	l2	116.51693056669251	0	0	0	0	0	256.41025861731339	0	0
32	32	32	2	1	5	l2	233.03386113338502	0	0	0	0	0	512.82051723462678	0	0
32	32	32	2	2	5	l2	233.03386113338502	0	0	0	0	0	512.82051723462678	0	0
32	32	32	2	4	5	l2	233.03386113338502	0	0	0	0	0	512.82051723462678	0	0
32	32	32	2	8	5	l2	233.03386113338502	0	0	0	0	0	512.82051723462678	0	0
32	32	32	2	16	5	l2	233.03386113338502	0	0	0	0	0	512.82051723462678	0	0
32	32	32	3	1	5	l2	233.03386113338502	0	0	0	0	0	512.82051723462678	0	0
32	32	32	3	2	5	l2	233.03386113338502	0	0	0	0	0	512.82051723462678	0	0
32	32	32	3	4	5	l2	233.03386113338502	0	0	0	0	0	512.82051723462678	0	0
32	32	32	3	8	5	l2	233.03386113338502	0	0	0	0	0	512.82051723462678	0	0
32	32	32	3	16	5	l2	233.03386113338502	0	0	0	0	0	512.82051723462678	0	0
32	32	32	4	1	5	l2	233.03386113338502	0	0	0	0	0	512.82051723462678	0	0
32	32	32	4	2	5	l2	233.03386113338502	0	0	0	0	0	512.82051723462678	0	0
32	32	32	4	4	5	l2	233.03386113338502	0	0	0	0	0	512.82051723462678	0	0
32	32	32	4	8	5	l2	233.03386113338502	0	0	0	0	0	512.82051723462678	0	0
32	32	32	4	16	5	l2	233.03386113338502	0	0	0	0	0	512.82051723462678	0	0
32	32	32	5	1	4	l2	186.42708890670801	0	0	0	0	0	410.25641378770143	0	0
32	32	32	5	2	4	l2	186.42708890670801	0	0	0	0	0	410.25641378770143	0	0
32	32	32	5	4	4	l2	186.42708890670801	0	0	0	0	0	410.25641378770143	0	0
32	32	32	5	8	4	l2	186.42708890670801	0	0	0	0	0	410.25641378770143	0	0
32	32	32	5	16	4	l2	186.42708890670801	0	0	0	0	0	410.25641378770143	0	0
32	64	16	2	1	5	l2	233.03386113338502	0	0	0	0	0	384.61538792597008	0	0
32	64	16	2	2	5	l2	233.03386113338502	0	0	0	0	0	384.61538792597008	0	0
32	64	16	2	4	5	l2	233.03386113338502	0	0	0	0	0	384.61538792597008	0	0
32	64	16	2	8	5	l2	233.03386113338502	0	0	0	0	0	384.61538792597008	0	0
32	64	16	2	16	5	l2	233.03386113338502	0	0	0	0	0	384.61538792597008	0	0
32	64	16	3	1	5	l2	233.03386113338502	0	0	0	0	0	384.61538792597008	0	0
32	64	16	3	2	5	l2	233.03386113338502	0	0	0	0	0	384.61538792597008	0	0
32	64	16	3	4	5	l2	233.03386113338502	0	0	0	0	0	384.61538792597008	0	0
32	64	16	3	8	5	l2	233.03386113338502	0	0	0	0	0	384.61538792597008	0	0
32	64	16	3	16	5	l2	233.03386113338502	0	0	0	0	0	384.61538792597008	0	0
32	64	16	4	1	5	l2	233.03386113338502	0	0	0	0	0	384.61538792597008	0	0
32	64	16	4	2	5	l2	233.03386113338502	0	0	0	0	0	384.61538792597008	0	0
32	64	16	4	4	5	l2	233.03386113338502	0	0	0	0	0	384.61538792597008	0	0
32	64	16	4	8	5	l2	233.03386113338502	0	0	0	0	0	384.61538792597008	0	0
32	64	16	4	16	5	l2	233.03386113338502	0	0	0	0	0	384.61538792597008	0	0
32	64	16	5	1	5	l2	233.03386113338502	0	0	0	0	0	384.61538792597008	0	0
32	64	16	5	2	5	l2	233.03386113338502	0	0	0	0	0	384.61538792597008	0	0
32	64	16	5	4	5	l2	233.03386113338502	0	0	0	0	0	384.61538792597008	0	0
32	64	16	5	8	5	l2	233.03386113338502	0	0	0	0	0	384.61538792597008	0	0
32	64	16	5	16	5	l2	233.03386113338502	0	0	0	0	0	384.61538792597008	0	0
32	64	32	2	1	4	l2	372.85417781341602	0	0	0	0	0	615.38462068155206	0	0
32	64	32	2	2	4	l2	372.85417781341602	0	0	0	0	0	615.38462068155206	0	0
32	64	32	2	4	4	l2	372.85417781341602	0	0	0	0	0	615.38462068155206	0	0
32	64	32	2	8	4	l2	372.85417781341602	0	0	0	0	0	615.38462068155206	0	0
32	64	32	2	16	4	l2	372.85417781341602	0	0	0	0	0	615.38462068155206	0	0
32	64	32	3	1	4	l2	372.85417781341602	0	0	0	0	0	615.38462068155206	0	0
32	64	32	3	2	4	l2	372.85417781341602	0	0	0	0	0	615.38462068155206	0	0
32	64	32	3	4	4	l2	372.85417781341602	0	0	0	0	0	615.38462068155206	0	0
32	64	32	3	8	4	l2	372.85417781341602	0	0	0	0	0	615.38462068155206	0	0
32	64	32	3	16	4	l2	372.85417781341602	0	0	0	0	0	615.38462068155206	0	0
32	64	32	4	1	4	l2	372.85417781341602	0	0	0	0	0	615.38462068155206	0	0
32	64	32	4	2	4	l2	372.85417781341602	0	0	0	0	0	615.38462068155206	0	0
32	64	32	4	4	4	l2	372.85417781341602	0	0	0	0	0	615.38462068155206	0	0
32	64	32	4	8	4	l2	372.85417781341602	0	0	0	0	0	615.38462068155206	0	0
32	64	32	4	16	4	l2	372.85417781341602	0	0	0	0	0	615.38462068155206	0	0
32	64	32	5	1	3	l2	279.640633360062	0	0	0	0	0	461.53846551116408	0	0
32	64	32	5	2	3	l2	279.640633360062	0	0	0	0	0	461.53846551116408	0	0
32	64	32	5	4	3	l2	279.640633360062	0	0	0	0	0	461.53846551116408	0	0
32	64	32	5	8	3	l2	279.640633360062	0	0	0	0	0	461.53846551116408	0	0
32	64	32	5	16	3	l2	279.640633360062	0	0	0	0	0	461.53846551116408	0	0
32	128	16	2	1	4	l2	372.85417781341602	0	0	0	0	0	512.82051723462678	0	0
32	128	16	2	2	4	l2	372.85417781341602	0	0	0	0	0	512.82051723462678	0	0
32	128	16	2	4	4	l2	372.85417781341602	0	0	0	0	0	512.82051723462678	0	0
32	128	16	2	8	4	l2	372.85417781341602	0	0	0	0	0	512.82051723462678	0	0
32	128	16	2	16	4	l2	372.85417781341602	0	0	0	0	0	512.82051723462678	0	0
32	128	16	3	1	4	l2	372.85417781341602	0	0	0	0	0	512.82051723462678	0	0
32	128	16	3	2	4	l2	372.85417781341602	0	0	0	0	0	512.82051723462678	0	0
32	128	16	3	4	4	l2	372.85417781341602	0	0	0	0	0	512.82051723462678	0	0
32	128	16	3	8	4	l2	372.85417781341602	0	0	0	0	0	512.82051723462678	0	0
32	128	16	3	16	4	l2	372.85417781341602	0	0	0	0	0	512.82051723462678	0	0
32	128	16	4	1	4	l2	372.85417781341602	0	0	0	0	0	512.82051723462678	0	0
32	128	16	4	2	4	l2	372.85417781341602	0	0	0	0	0	512.82051723462678	0	0
32	128	16	4	4	4	l2	372.85417781341602	0	0	0	0	0	512.82051723462678	0	0
32	128	16	4	8	4	l2	372.85417781341602	0	0	0	0	0	512.82051723462678	0	0
32	128	16	4	16	4	l2	372.85417781341602	0	0	0	0	0	512.82051723462678	0	0
32	128	16	5	1	3	l2	279.640633360062	0	0	0	0	0	384.61538792597008	0	0
32	128	16	5	2	3	l2	279.640633360062	0	0	0	0	0	384.61538792597008	0	0
32	128	16	5	4	3	l2	279.640633360062	0	0	0	0	0	384.61538792597008	0	0
32	128	16	5	8	3	l2	279.640633360062	0	0	0	0	0	384.61538792597008	0	0
32	128	16	5	16	3	l2	279.640633360062	0	0	0	0	0	384.61538792597008	0	0
32	128	32	2	1	3	l2	559.28126672012399	0	0	0	0	0	769.23077585194017	0	0
32	128	32	2	2	3	l2	559.28126672012399	0	0	0	0	0	769.23077585194017	0	0
32	128	32	2	4	3	l2	559.28126672012399	0	0	0	0	0	769.23077585194017	0	0
32	128	32	2	8	3	l2	559.28126672012399	0	0	0	0	0	769.23077585194017	0	0
32	128	32	2	16	3	l2	559.28126672012399	0	0	0	0	0	769.23077585194017	0	0
32	128	32	3	1	2	l2	372.85417781341602	0	0	0	0	0	512.82051723462678	0	0
32	128	32	3	2	2	l2	372.85417781341602	0	0	0	0	0	512.82051723462678	0	0
32	128	32	3	4	2	l2	372.85417781341602	0	0	0	0	0	512.82051723462678	0	0
32	128	32	3	8	2	l2	372.85417781341602	0	0	0	0	0	512.82051723462678	0	0
32	128	32	3	16	2	l2	372.85417781341602	0	0	0	0	0	512.82051723462678	0	0
32	128	32	4	1	2	l2	372.85417781341602	0	0	0	0	0	512.82051723462678	0	0
32	128	32	4	2	2	l2	372.85417781341602	0	0	0	0	0	512.82051723462678	0	0
32	128	32	4	4	2	l2	372.85417781341602	0	0	0	0	0	512.82051723462678	0	0
32	128	32	4	8	2	l2	372.85417781341602	0	0	0	0	0	512.82051723462678	0	0
32	128	32	4	16	2	l2	372.85417781341602	0	0	0	0	0	512.82051723462678	0	0
32	128	32	5	1	1	l2	186.42708890670801	0	0	0	0	0	256.41025861731339	0	0
32	128	32	5	2	1	l2	186.42708890670801	0	0	0	0	0	256.41025861731339	0	0
32	128	32	5	4	1	l2	186.42708890670801	0	0	0	0	0	256.41025861731339	0	0
32	128	32	5	8	1	l2	186.42708890670801	0	0	0	0	0	256.41025861731339	0	0
32	128	32	5	16	1	l2	186.42708890670801	0	0	0	0	0	256.41025861731339	0	0
32	256	16	2	1	3	l2	559.28126672012399	0	0	0	0	0	692.30769826674612	0	0
32	256	16	2	2	3	l2	559.28126672012399	0	0	0	0	0	692.30769826674612	0	0
32	256	16	2	4	3	l2	559.28126672012399	0	0	0	0	0	692.30769826674612	0	0
32	256	16	2	8	3	l2	559.28126672012399	0	0	0	0	0	692.30769826674612	0	0
32	256	16	2	16	3	l2	559.28126672012399	0	0	0	0	0	692.30769826674612	0	0
32	256	16	3	1	3	l2	559.28126672012399	0	0	0	0	0	692.30769826674612	0	0
32	256	16	3	2	3	l2	559.28126672012399	0	0	0	0	0	692.30769826674612	0	0
32	256	16	3	4	3	l2	559.28126672012399	0	0	0	0	0	692.30769826674612	0	0
32	256	16	3	8	3	l2	559.28126672012399	0	0	0	0	0	692.30769826674612	0	0
32	256	16	3	16	3	l2	559.28126672012399	0	0	0	0	0	692.30769826674612	0	0
32	256	16	4	1	2	l2	372.85417781341602	0	0	0	0	0	461.53846551116408	0	0
32	256	16	4	2	2	l2	372.85417781341602	0	0	0	0	0	461.53846551116408	0	0
32	256	16	4	4	2	l2	372.85417781341602	0	0	0	0	0	461.53846551116408	0	0
32	256	16	4	8	2	l2	372.85417781341602	0	0	0	0	0	461.53846551116408	0	0
32	256	16	4	16	2	l2	372.85417781341602	0	0	0	0	0	461.53846551116408	0	0
32	256	16	5	1	2	l2	372.85417781341602	0	0	0	0	0	461.53846551116408	0	0
32	256	16	5	2	2	l2	372.85417781341602	0	0	0	0	0	461.53846551116408	0	0
32	256	16	5	4	2	l2	372.85417781341602	0	0	0	0	0	461.53846551116408	0	0
32	256	16	5	8	2	l2	372.85417781341602	0	0	0	0	0	461.53846551116408	0	0
32	256	16	5	16	2	l2	372.85417781341602	0	0	0	0	0	461.53846551116408	0	0
32	256	32	2	1	2	l2	745.70835562683203	0	0	0	0	0	923.07693102232815	0	0
32	256	32	2	2	2	l2	745.70835562683203	0	0	0	0	0	923.07693102232815	0	0
32	256	32	2	4	2	l2	745.70835562683203	0	0	0	0	0	923.07693102232815	0	0
32	256	32	2	8	2	l2	745.70835562683203	0	0	0	0	0	923.07693102232815	0	0
32	256	32	2	16	2	l2	745.70835562683203	0	0	0	0	0	923.07693102232815	0	0
32	256	32	3	1	1	l2	372.85417781341602	0	0	0	0	0	461.53846551116408	0	0
32	256	32	3	2	1	l2	372.85417781341602	0	0	0	0	0	461.53846551116408	0	0
32	256	32	3	4	1	l2	372.85417781341602	0	0	0	0	0	461.53846551116408	0	0
32	256	32	3	8	1	l2	372.85417781341602	0	0	0	0	0	461.53846551116408	0	0
32	256	32	3	16	1	l2	372.85417781341602	0	0	0	0	0	461.53846551116408	0	0
32	256	32	4	1	1	l2	372.85417781341602	0	0	0	0	0	461.53846551116408	0	0
32	256	32	4	2	1	l2	372.85417781341602	0	0	0	0	0	461.53846551116408	0	0
32	256	32	4	4	1	l2	372.85417781341602	0	0	0	0	0	461.53846551116408	0	0
32	256	32	4	8	1	l2	372.85417781341602	0	0	0	0	0	461.53846551116408	0	0
32	256	32	4	16	1	l2	372.85417781341602	0	0	0	0	0	461.53846551116408	0	0
32	256	32	5	1	1	l2	372.85417781341602	0	0	0	0	0	461.53846551116408	0	0
32	256	32	5	2	1	l2	372.85417781341602	0	0	0	0	0	461.53846551116408	0	0
32	256	32	5	4	1	l2	372.85417781341602	0	0	0	0	0	461.53846551116408	0	0
32	256	32	5	8	1	l2	372.85417781341602	0	0	0	0	0	461.53846551116408	0	0
32	256	32	5	16	1	l2	372.85417781341602	0	0	0	0	0	461.53846551116408	0	0
64	16	16	2	1	5	l2	116.51693056669251	0	0	0	0	0	320.51282327164171	0	0
64	16	16	2	2	5	l2	116.51693056669251	0	0	0	0	0	320.51282327164171	0	0
64	16	16	2	4	5	l2	116.51693056669251	0	0	0	0	0	320.51282327164171	0	0
64	16	16	2	8	5	l2	116.51693056669251	0	0	0	0	0	320.51282327164171	0	0
64	16	16	2	16	5	l2	116.51693056669251	0	0	0	0	0	320.51282327164171	0	0
64	16	16	3	1	5	l2	116.51693056669251	0	0	0	0	0	320.51282327164171	0	0
64	16	16	3	2	5	l2	116.51693056669251	0	0	0	0	0	320.51282327164171	0	0
64	16	16	3	4	5	l2	116.51693056669251	0	0	0	0	0	320.51282327164171	0	0
64	16	16	3	8	5	l2	116.51693056669251	0	0	0	0	0	320.51282327164171	0	0
64	16	16	3	16	5	l2	116.51693056669251	0	0	0	0	0	320.51282327164171	0	0
64	16	16	4	1	5	l2	116.51693056669251	0	0	0	0	0	320.51282327164171	0	0
64	16	16	4	2	5	l2	116.51693056669251	0	0	0	0	0	320.51282327164171	0	0
64	16	16	4	4	5	l2	116.51693056669251	0	0	0	0	0	320.51282327164171	0	0
64	16	16	4	8	5	l2	116.51693056669251	0	0	0	0	0	320.51282327164171	0	0
64	16	16	4	16	5	l2	116.51693056669251	0	0	0	0	0	320.51282327164171	0	0
64	16	16	5	1	5	l2	116.51693056669251	0	0	0	0	0	320.51282327164171	0	0
64	16	16	5	2	5	l2	116.51693056669251	0	0	0	0	0	320.51282327164171	0	0
64	16	16	5	4	5	l2	116.51693056669251	0	0	0	0	0	320.51282327164171	0	0
64	16	16	5	8	5	l2	116.51693056669251	0	0	0	0	0	320.51282327164171	0	0
64	16	16	5	16	5	l2	116.51693056669251	0	0	0	0	0	320.51282327164171	0	0
64	16	32	2	1	4	l2	186.42708890670801	0	0	0	0	0	512.82051723462678	0	0
64	16	32	2	2	4	l2	186.42708890670801	0	0	0	0	0	512.82051723462678	0	0
64	16	32	2	4	4	l2	186.42708890670801	0	0	0	0	0	512.82051723462678	0	0
64	16	32	2	8	4	l2	186.42708890670801	0	0	0	0	0	512.82051723462678	0	0
64	16	32	2	16	4	l2	186.42708890670801	0	0	0	0	0	512.82051723462678	0	0
64	16	32	3	1	5	l2	233.03386113338502	0	0	0	0	0	641.02564654328341	0	0
64	16	32	3	2	5	l2	233.03386113338502	0	0	0	0	0	641.02564654328341	0	0
64	16	32	3	4	5	l2	233.03386113338502	0	0	0	0	0	641.02564654328341	0	0
64	16	32	3	8	5	l2	233.03386113338502	0	0	0	0	0	641.02564654328341	0	0
64	16	32	3	16	5	l2	233.03386113338502	0	0	0	0	0	641.02564654328341	0	0
64	16	32	4	1	4	l2	186.42708890670801	0	0	0	0	0	512.82051723462678	0	0
64	16	32	4	2	4	l2	186.42708890670801	0	0	0	0	0	512.82051723462678	0	0
64	16	32	4	4	4	l2	186.42708890670801	0	0	0	0	0	512.82051723462678	0	0
64	16	32	4	8	4	l2	186.42708890670801	0	0	0	0	0	512.82051723462678	0	0
64	16	32	4	16	4	l2	186.42708890670801	0	0	0	0	0	512.82051723462678	0	0
64	16	32	5	1	3	l2	139.820316680031	0	0	0	0	0	384.61538792597008	0	0
64	16	32	5	2	3	l2	139.820316680031	0	0	0	0	0	384.61538792597008	0	0
64	16	32	5	4	3	l2	139.820316680031	0	0	0	0	0	384.61538792597008	0	0
64	16	32	5	8	3	l2	139.820316680031	0	0	0	0	0	384.61538792597008	0	0
64	16	32	5	16	3	l2	139.820316680031	0	0	0	0	0	384.61538792597008	0	0
64	32	16	2	1	5	l2	233.03386113338502	0	0	0	0	0	384.61538792597008	0	0
64	32	16	2	2	5	l2	233.03386113338502	0	0	0	0	0	384.61538792597008	0	0
64	32	16	2	4	5	l2	233.03386113338502	0	0	0	0	0	384.61538792597008	0	0
64	32	16	2	8	5	l2	233.03386113338502	0	0	0	0	0	384.61538792597008	0	0
64	32	16	2	16	5	l2	233.03386113338502	0	0	0	0	0	384.61538792597008	0	0
64	32	16	3	1	5	l2	233.03386113338502	0	0	0	0	0	384.61538792597008	0	0
64	32	16	3	2	5	l2	233.03386113338502	0	0	0	0	0	384.61538792597008	0	0
64	32	16	3	4	5	l2	233.03386113338502	0	0	0	0	0	384.61538792597008	0	0
64	32	16	3	8	5	l2	233.03386113338502	0	0	0	0	0	384.61538792597008	0	0
64	32	16	3	16	5	l2	233.03386113338502	0	0	0	0	0	384.61538792597008	0	0
64	32	16	4	1	5	l2	233.03386113338502	0	0	0	0	0	384.61538792597008	0	0
64	32	16	4	2	5	l2	233.03386113338502	0	0	0	0	0	384.61538792597008	0	0
64	32	16	4	4	5	l2	233.03386113338502	0	0	0	0	0	384.61538792597008	0	0
64	32	16	4	8	5	l2	233.03386113338502	0	0	0	0	0	384.61538792597008	0	0
64	32	16	4	16	5	l2	233.03386113338502	0	0	0	0	0	384.61538792597008	0	0
64	32	16	5	1	5	l2	233.03386113338502	0	0	0	0	0	384.61538792597008	0	0
64	32	16	5	2	5	l2	233.03386113338502	0	0	0	0	0	384.61538792597008	0	0
64	32	16	5	4	5	l2	233.03386113338502	0	0	0	0	0	384.61538792597008	0	0
64	32	16	5	8	5	l2	233.03386113338502	0	0	0	0	0	384.61538792597008	0	0
64	32	16	5	16	5	l2	233.03386113338502	0	0	0	0	0	384.61538792597008	0	0
64	32	32	2	1	4	l2	372.85417781341602	0	0	0	0	0	615.38462068155206	0	0
64	32	32	2	2	4	l2	372.85417781341602	0	0	0	0	0	615.38462068155206	0	0
64	32	32	2	4	4	l2	372.85417781341602	0	0	0	0	0	615.38462068155206	0	0
64	32	32	2	8	4	l2	372.85417781341602	0	0	0	0	0	615.38462068155206	0	0
64	32	32	2	16	4	l2	372.85417781341602	0	0	0	0	0	615.38462068155206	0	0
64	32	32	3	1	4	l2	372.85417781341602	0	0	0	0	0	615.38462068155206	0	0
64	32	32	3	2	4	l2	372.85417781341602	0	0	0	0	0	615.38462068155206	0	0
64	32	32	3	4	4	l2	372.85417781341602	0	0	0	0	0	615.38462068155206	0	0
64	32	32	3	8	4	l2	372.85417781341602	0	0	0	0	0	615.38462068155206	0	0
64	32	32	3	16	4	l2	372.85417781341602	0	0	0	0	0	615.38462068155206	0	0
64	32	32	4	1	4	l2	372.85417781341602	0	0	0	0	0	615.38462068155206	0	0
64	32	32	4	2	4	l2	372.85417781341602	0	0	0	0	0	615.38462068155206	0	0
64	32	32	4	4	4	l2	372.85417781341602	0	0	0	0	0	615.38462068155206	0	0
64	32	32	4	8	4	l2	372.85417781341602	0	0	0	0	0	615.38462068155206	0	0
64	32	32	4	16	4	l2	372.85417781341602	0	0	0	0	0	615.38462068155206	0	0
64	32	32	5	1	3	l2	279.640633360062	0	0	0	0	0	461.53846551116408	0	0
64	32	32	5	2	3	l2	279.640633360062	0	0	0	0	0	461.53846551116408	0	0
64	32	32	5	4	3	l2	279.640633360062	0	0	0	0	0	461.53846551116408	0	0
64	32	32	5	8	3	l2	279.640633360062	0	0	0	0	0	461.53846551116408	0	0
64	32	32	5	16	3	l2	279.640633360062	0	0	0	0	0	461.53846551116408	0	0
64	64	16	2	1	4	l2	372.85417781341602	0	0	0	0	0	410.25641378770143	0	0
64	64	16	2	2	4	l2	372.85417781341602	0	0	0	0	0	410.25641378770143	0	0
64	64	16	2	4	4	l2	372.85417781341602	0	0	0	0	0	410.25641378770143	0	0
64	64	16	2	8	4	l2	372.85417781341602	0	0	0	0	0	410.25641378770143	0	0
64	64	16	2	16	4	l2	372.85417781341602	0	0	0	0	0	410.25641378770143	0	0
64	64	16	3	1	4	l2	372.85417781341602	0	0	0	0	0	410.25641378770143	0	0
64	64	16	3	2	4	l2	372.85417781341602	0	0	0	0	0	410.25641378770143	0	0
64	64	16	3	4	4	l2	372.85417781341602	0	0	0	0	0	410.25641378770143	0	0
64	64	16	3	8	4	l2	372.85417781341602	0	0	0	0	0	410.25641378770143	0	0
64	64	16	3	16	4	l2	372.85417781341602	0	0	0	0	0	410.25641378770143	0	0
64	64	16	4	1	4	l2	372.85417781341602	0	0	0	0	0	410.25641378770143	0	0
64	64	16	4	2	4	l2	372.85417781341602	0	0	0	0	0	410.25641378770143	0	0
64	64	16	4	4	4	l2	372.85417781341602	0	0	0	0	0	410.25641378770143	0	0
64	64	16	4	8	4	l2	372.85417781341602	0	0	0	0	0	410.25641378770143	0	0
64	64	16	4	16	4	l2	372.85417781341602	0	0	0	0	0	410.25641378770143	0	0
64	64	16	5	1	4	l2	372.85417781341602	0	0	0	0	0	410.25641378770143	0	0
64	64	16	5	2	4	l2	372.85417781341602	0	0	0	0	0	410.25641378770143	0	0
64	64	16	5	4	4	l2	372.85417781341602	0	0	0	0	0	410.25641378770143	0	0
64	64	16	5	8	4	l2	372.85417781341602	0	0	0	0	0	410.25641378770143	0	0
64	64	16	5	16	4	l2	372.85417781341602	0	0	0	0	0	410.25641378770143	0	0
64	64	32	2	1	3	l2	559.28126672012399	0	0	0	0	0	615.38462068155206	0	0
64	64	32	2	2	3	l2	559.28126672012399	0	0	0	0	0	615.38462068155206	0	0
64	64	32	2	4	3	l2	559.28126672012399	0	0	0	0	0	615.38462068155206	0	0
64	64	32	2	8	3	l2	559.28126672012399	0	0	0	0	0	615.38462068155206	0	0
64	64	32	2	16	3	l2	559.28126672012399	0	0	0	0	0	615.38462068155206	0	0
64	64	32	3	1	3	l2	559.28126672012399	0	0	0	0	0	615.38462068155206	0	0
64	64	32	3	2	3	l2	559.28126672012399	0	0	0	0	0	615.38462068155206	0	0
64	64	32	3	4	3	l2	559.28126672012399	0	0	0	0	0	615.38462068155206	0	0
64	64	32	3	8	3	l2	559.28126672012399	0	0	0	0	0	615.38462068155206	0	0
64	64	32	3	16	3	l2	559.28126672012399	0	0	0	0	0	615.38462068155206	0	0
64	64	32	4	1	3	l2	559.28126672012399	0	0	0	0	0	615.38462068155206	0	0
64	64	32	4	2	3	l2	559.28126672012399	0	0	0	0	0	615.38462068155206	0	0
64	64	32	4	4	3	l2	559.28126672012399	0	0	0	0	0	615.38462068155206	0	0
64	64	32	4	8	3	l2	559.28126672012399	0	0	0	0	0	615.38462068155206	0	0
64	64	32	4	16	3	l2	559.28126672012399	0	0	0	0	0	615.38462068155206	0	0
64	64	32	5	1	2	l2	372.85417781341602	0	0	0	0	0	410.25641378770143	0	0
64	64	32	5	2	2	l2	372.85417781341602	0	0	0	0	0	410.25641378770143	0	0
64	64	32	5	4	2	l2	372.85417781341602	0	0	0	0	0	410.25641378770143	0	0
64	64	32	5	8	2	l2	372.85417781341602	0	0	0	0	0	410.25641378770143	0	0
64	64	32	5	16	2	l2	372.85417781341602	0	0	0	0	0	410.25641378770143	0	0
64	128	16	2	1	3	tc	559.28126672012399	0	0	0	0	0	461.53846551116408	0	0
64	128	16	2	2	3	tc	559.28126672012399	0	0	0	0	0	461.53846551116408	0	0
64	128	16	2	4	3	tc	559.28126672012399	0	0	0	0	0	461.53846551116408	0	0
64	128	16	2	8	3	tc	559.28126672012399	0	0	0	0	0	461.53846551116408	0	0
64	128	16	2	16	3	tc	559.28126672012399	0	0	0	0	0	461.53846551116408	0	0
64	128	16	3	1	3	tc	559.28126672012399	0	0	0	0	0	461.53846551116408	0	0
64	128	16	3	2	3	tc	559.28126672012399	0	0	0	0	0	461.53846551116408	0	0
64	128	16	3	4	3	tc	559.28126672012399	0	0	0	0	0	461.53846551116408	0	0
64	128	16	3	8	3	tc	559.28126672012399	0	0	0	0	0	461.53846551116408	0	0
64	128	16	3	16	3	tc	559.28126672012399	0	0	0	0	0	461.53846551116408	0	0
64	128	16	4	1	3	tc	559.28126672012399	0	0	0	0	0	461.53846551116408	0	0
64	128	16	4	2	3	tc	559.28126672012399	0	0	0	0	0	461.53846551116408	0	0
64	128	16	4	4	3	tc	559.28126672012399	0	0	0	0	0	461.53846551116408	0	0
64	128	16	4	8	3	tc	559.28126672012399	0	0	0	0	0	461.53846551116408	0	0
64	128	16	4	16	3	tc	559.28126672012399	0	0	0	0	0	461.53846551116408	0	0
64	128	16	5	1	3	tc	559.28126672012399	0	0	0	0	0	461.53846551116408	0	0
64	128	16	5	2	3	tc	559.28126672012399	0	0	0	0	0	461.53846551116408	0	0
64	128	16	5	4	3	tc	559.28126672012399	0	0	0	0	0	461.53846551116408	0	0
64	128	16	5	8	3	tc	559.28126672012399	0	0	0	0	0	461.53846551116408	0	0
64	128	16	5	16	3	tc	559.28126672012399	0	0	0	0	0	461.53846551116408	0	0
64	128	32	2	1	2	tc	745.70835562683203	0	0	0	0	0	615.38462068155206	0	0
64	128	32	2	2	2	tc	745.70835562683203	0	0	0	0	0	615.38462068155206	0	0
64	128	32	2	4	2	tc	745.70835562683203	0	0	0	0	0	615.38462068155206	0	0
64	128	32	2	8	2	tc	745.70835562683203	0	0	0	0	0	615.38462068155206	0	0
64	128	32	2	16	2	tc	745.70835562683203	0	0	0	0	0	615.38462068155206	0	0
64	128	32	3	1	2	tc	745.70835562683203	0	0	0	0	0	615.38462068155206	0	0
64	128	32	3	2	2	tc	745.70835562683203	0	0	0	0	0	615.38462068155206	0	0
64	128	32	3	4	2	tc	745.70835562683203	0	0	0	0	0	615.38462068155206	0	0
64	128	32	3	8	2	tc	745.70835562683203	0	0	0	0	0	615.38462068155206	0	0
64	128	32	3	16	2	tc	745.70835562683203	0	0	0	0	0	615.38462068155206	0	0
64	128	32	4	1	2	tc	745.70835562683203	0	0	0	0	0	615.38462068155206	0	0
64	128	32	4	2	2	tc	745.70835562683203	0	0	0	0	0	615.38462068155206	0	0
64	128	32	4	4	2	tc	745.70835562683203	0	0	0	0	0	615.38462068155206	0	0
64	128	32	4	8	2	tc	745.70835562683203	0	0	0	0	0	615.38462068155206	0	0
64	128	32	4	16	2	tc	745.70835562683203	0	0	0	0	0	615.38462068155206	0	0
64	128	32	5	1	1	tc	372.85417781341602	0	0	0	0	0	307.69231034077603	0	0
64	128	32	5	2	1	tc	372.85417781341602	0	0	0	0	0	307.69231034077603	0	0
64	128	32	5	4	1	tc	372.85417781341602	0	0	0	0	0	307.69231034077603	0	0
64	128	32	5	8	1	tc	372.85417781341602	0	0	0	0	0	307.69231034077603	0	0
64	128	32	5	16	1	tc	372.85417781341602	0	0	0	0	0	307.69231034077603	0	0
64	256	16	2	1	2	tc	745.70835562683203	0	0	0	0	0	512.82051723462678	0	0
64	256	16	2	2	2	tc	745.70835562683203	0	0	0	0	0	512.82051723462678	0	0
64	256	16	2	4	2	tc	745.70835562683203	0	0	0	0	0	512.82051723462678	0	0
64	256	16	2	8	2	tc	745.70835562683203	0	0	0	0	0	512.82051723462678	0	0
64	256	16	2	16	2	tc	745.70835562683203	0	0	0	0	0	512.82051723462678	0	0
64	256	16	3	1	2	tc	745.70835562683203	0	0	0	0	0	512.82051723462678	0	0
64	256	16	3	2	2	tc	745.70835562683203	0	0	0	0	0	512.82051723462678	0	0
64	256	16	3	4	2	tc	745.70835562683203	0	0	0	0	0	512.82051723462678	0	0
64	256	16	3	8	2	tc	745.70835562683203	0	0	0	0	0	512.82051723462678	0	0
64	256	16	3	16	2	tc	745.70835562683203	0	0	0	0	0	512.82051723462678	0	0
64	256	16	4	1	2	tc	745.70835562683203	0	0	0	0	0	512.82051723462678	0	0
64	256	16	4	2	2	tc	745.70835562683203	0	0	0	0	0	512.82051723462678	0	0
64	256	16	4	4	2	tc	745.70835562683203	0	0	0	0	0	512.82051723462678	0	0
64	256	16	4	8	2	tc	745.70835562683203	0	0	0	0	0	512.82051723462678	0	0
64	256	16	4	16	2	tc	745.70835562683203	0	0	0	0	0	512.82051723462678	0	0
64	256	16	5	1	1	tc	372.85417781341602	0	0	0	0	0	256.41025861731339	0	0
64	256	16	5	2	1	tc	372.85417781341602	0	0	0	0	0	256.41025861731339	0	0
64	256	16	5	4	1	tc	372.85417781341602	0	0	0	0	0	256.41025861731339	0	0
64	256	16	5	8	1	tc	372.85417781341602	0	0	0	0	0	256.41025861731339	0	0
64	256	16	5	16	1	tc	372.85417781341602	0	0	0	0	0	256.41025861731339	0	0
64	256	32	2	1	2	tc	1491.4167112536641	0	0	0	0	0	1025.6410344692536	0	0
64	256	32	2	2	2	tc	1491.4167112536641	0	0	0	0	0	1025.6410344692536	0	0
64	256	32	2	4	2	tc	1491.4167112536641	0	0	0	0	0	1025.6410344692536	0	0
64	256	32	2	8	2	tc	1491.4167112536641	0	0	0	0	0	1025.6410344692536	0	0
64	256	32	2	16	2	tc	1491.4167112536641	0	0	0	0	0	1025.6410344692536	0	0
64	256	32	3	1	1	tc	745.70835562683203	0	0	0	0	0	512.82051723462678	0	0
64	256	32	3	2	1	tc	745.70835562683203	0	0	0	0	0	512.82051723462678	0	0
64	256	32	3	4	1	tc	745.70835562683203	0	0	0	0	0	512.82051723462678	0	0
64	256	32	3	8	1	tc	745.70835562683203	0	0	0	0	0	512.82051723462678	0	0
64	256	32	3	16	1	tc	745.70835562683203	0	0	0	0	0	512.82051723462678	0	0
64	256	32	4	1	1	tc	745.70835562683203	0	0	0	0	0	512.82051723462678	0	0
64	256	32	4	2	1	tc	745.70835562683203	0	0	0	0	0	512.82051723462678	0	0
64	256	32	4	4	1	tc	745.70835562683203	0	0	0	0	0	512.82051723462678	0	0
64	256	32	4	8	1	tc	745.70835562683203	0	0	0	0	0	512.82051723462678	0	0
64	256	32	4	16	1	tc	745.70835562683203	0	0	0	0	0	512.82051723462678	0	0
128	16	16	2	1	5	l2	233.03386113338502	0	0	0	0	0	576.92308188895515	0	0
128	16	16	2	2	5	l2	233.03386113338502	0	0	0	0	0	576.92308188895515	0	0
128	16	16	2	4	5	l2	233.03386113338502	0	0	0	0	0	576.92308188895515	0	0
128	16	16	2	8	5	l2	233.03386113338502	0	0	0	0	0	576.92308188895515	0	0
128	16	16	2	16	5	l2	233.03386113338502	0	0	0	0	0	576.92308188895515	0	0
128	16	16	3	1	5	l2	233.03386113338502	0	0	0	0	0	576.92308188895515	0	0
128	16	16	3	2	5	l2	233.03386113338502	0	0	0	0	0	576.92308188895515	0	0
128	16	16	3	4	5	l2	233.03386113338502	0	0	0	0	0	576.92308188895515	0	0
128	16	16	3	8	5	l2	233.03386113338502	0	0	0	0	0	576.92308188895515	0	0
128	16	16	3	16	5	l2	233.03386113338502	0	0	0	0	0	576.92308188895515	0	0
128	16	16	4	1	5	l2	233.03386113338502	0	0	0	0	0	576.92308188895515	0	0
128	16	16	4	2	5	l2	233.03386113338502	0	0	0	0	0	576.92308188895515	0	0
128	16	16	4	4	5	l2	233.03386113338502	0	0	0	0	0	576.92308188895515	0	0
128	16	16	4	8	5	l2	233.03386113338502	0	0	0	0	0	576.92308188895515	0	0
128	16	16	4	16	5	l2	233.03386113338502	0	0	0	0	0	576.92308188895515	0	0
128	16	16	5	1	4	l2	186.42708890670801	0	0	0	0	0	461.53846551116408	0	0
128	16	16	5	2	4	l2	186.42708890670801	0	0	0	0	0	461.53846551116408	0	0
128	16	16	5	4	4	l2	186.42708890670801	0	0	0	0	0	461.53846551116408	0	0
128	16	16	5	8	4	l2	186.42708890670801	0	0	0	0	0	461.53846551116408	0	0
128	16	16	5	16	4	l2	186.42708890670801	0	0	0	0	0	461.53846551116408	0	0
128	16	32	2	1	3	l2	279.640633360062	0	0	0	0	0	692.30769826674612	0	0
128	16	32	2	2	3	l2	279.640633360062	0	0	0	0	0	692.30769826674612	0	0
128	16	32	2	4	3	l2	279.640633360062	0	0	0	0	0	692.30769826674612	0	0
128	16	32	2	8	3	l2	279.640633360062	0	0	0	0	0	692.30769826674612	0	0
128	16	32	2	16	3	l2	279.640633360062	0	0	0	0	0	692.30769826674612	0	0
128	16	32	3	1	3	l2	279.640633360062	0	0	0	0	0	692.30769826674612	0	0
128	16	32	3	2	3	l2	279.640633360062	0	0	0	0	0	692.30769826674612	0	0
128	16	32	3	4	3	l2	279.640633360062	0	0	0	0	0	692.30769826674612	0	0
128	16	32	3	8	3	l2	279.640633360062	0	0	0	0	0	692.30769826674612	0	0
128	16	32	3	16	3	l2	279.640633360062	0	0	0	0	0	692.30769826674612	0	0
128	16	32	4	1	2	l2	186.42708890670801	0	0	0	0	0	461.53846551116408	0	0
128	16	32	4	2	2	l2	186.42708890670801	0	0	0	0	0	461.53846551116408	0	0
128	16	32	4	4	2	l2	186.42708890670801	0	0	0	0	0	461.53846551116408	0	0
128	16	32	4	8	2	l2	186.42708890670801	0	0	0	0	0	461.53846551116408	0	0
128	16	32	4	16	2	l2	186.42708890670801	0	0	0	0	0	461.53846551116408	0	0
128	16	32	5	1	2	l2	186.42708890670801	0	0	0	0	0	461.53846551116408	0	0
128	16	32	5	2	2	l2	186.42708890670801	0	0	0	0	0	461.53846551116408	0	0
128	16	32	5	4	2	l2	186.42708890670801	0	0	0	0	0	461.53846551116408	0	0
128	16	32	5	8	2	l2	186.42708890670801	0	0	0	0	0	461.53846551116408	0	0
128	16	32	5	16	2	l2	186.42708890670801	0	0	0	0	0	461.53846551116408	0	0
128	32	16	2	1	4	l2	372.85417781341602	0	0	0	0	0	512.82051723462678	0	0
128	32	16	2	2	4	l2	372.85417781341602	0	0	0	0	0	512.82051723462678	0	0
128	32	16	2	4	4	l2	372.85417781341602	0	0	0	0	0	512.82051723462678	0	0
128	32	16	2	8	4	l2	372.85417781341602	0	0	0	0	0	512.82051723462678	0	0
128	32	16	2	16	4	l2	372.85417781341602	0	0	0	0	0	512.82051723462678	0	0
128	32	16	3	1	4	l2	372.85417781341602	0	0	0	0	0	512.82051723462678	0	0
128	32	16	3	2	4	l2	372.85417781341602	0	0	0	0	0	512.82051723462678	0	0
128	32	16	3	4	4	l2	372.85417781341602	0	0	0	0	0	512.82051723462678	0	0
128	32	16	3	8	4	l2	372.85417781341602	0	0	0	0	0	512.82051723462678	0	0
128	32	16	3	16	4	l2	372.85417781341602	0	0	0	0	0	512.82051723462678	0	0
128	32	16	4	1	4	l2	372.85417781341602	0	0	0	0	0	512.82051723462678	0	0
128	32	16	4	2	4	l2	372.85417781341602	0	0	0	0	0	512.82051723462678	0	0
128	32	16	4	4	4	l2	372.85417781341602	0	0	0	0	0	512.82051723462678	0	0
128	32	16	4	8	4	l2	372.85417781341602	0	0	0	0	0	512.82051723462678	0	0
128	32	16	4	16	4	l2	372.85417781341602	0	0	0	0	0	512.82051723462678	0	0
128	32	16	5	1	3	l2	279.640633360062	0	0	0	0	0	384.61538792597008	0	0
128	32	16	5	2	3	l2	279.640633360062	0	0	0	0	0	384.61538792597008	0	0
128	32	16	5	4	3	l2	279.640633360062	0	0	0	0	0	384.61538792597008	0	0
128	32	16	5	8	3	l2	279.640633360062	0	0	0	0	0	384.61538792597008	0	0
128	32	16	5	16	3	l2	279.640633360062	0	0	0	0	0	384.61538792597008	0	0
128	32	32	2	1	2	l2	372.85417781341602	0	0	0	0	0	512.82051723462678	0	0
128	32	32	2	2	2	l2	372.85417781341602	0	0	0	0	0	512.82051723462678	0	0
128	32	32	2	4	2	l2	372.85417781341602	0	0	0	0	0	512.82051723462678	0	0
128	32	32	2	8	2	l2	372.85417781341602	0	0	0	0	0	512.82051723462678	0	0
128	32	32	2	16	2	l2	372.85417781341602	0	0	0	0	0	512.82051723462678	0	0
128	32	32	3	1	2	l2	372.85417781341602	0	0	0	0	0	512.82051723462678	0	0
128	32	32	3	2	2	l2	372.85417781341602	0	0	0	0	0	512.82051723462678	0	0
128	32	32	3	4	2	l2	372.85417781341602	0	0	0	0	0	512.82051723462678	0	0
128	32	32	3	8	2	l2	372.85417781341602	0	0	0	0	0	512.82051723462678	0	0
128	32	32	3	16	2	l2	372.85417781341602	0	0	0	0	0	512.82051723462678	0	0
128	32	32	4	1	2	l2	372.85417781341602	0	0	0	0	0	512.82051723462678	0	0
128	32	32	4	2	2	l2	372.85417781341602	0	0	0	0	0	512.82051723462678	0	0
128	32	32	4	4	2	l2	372.85417781341602	0	0	0	0	0	512.82051723462678	0	0
128	32	32	4	8	2	l2	372.85417781341602	0	0	0	0	0	512.82051723462678	0	0
128	32	32	4	16	2	l2	372.85417781341602	0	0	0	0	0	512.82051723462678	0	0
128	32	32	5	1	1	l2	186.42708890670801	0	0	0	0	0	256.41025861731339	0	0
128	32	32	5	2	1	l2	186.42708890670801	0	0	0	0	0	256.41025861731339	0	0
128	32	32	5	4	1	l2	186.42708890670801	0	0	0	0	0	256.41025861731339	0	0
128	32	32	5	8	1	l2	186.42708890670801	0	0	0	0	0	256.41025861731339	0	0
128	32	32	5	16	1	l2	186.42708890670801	0	0	0	0	0	256.41025861731339	0	0
128	64	16	2	1	3	tc	559.28126672012399	0	0	0	0	0	461.53846551116408	0	0
128	64	16	2	2	3	tc	559.28126672012399	0	0	0	0	0	461.53846551116408	0	0
128	64	16	2	4	3	tc	559.28126672012399	0	0	0	0	0	461.53846551116408	0	0
128	64	16	2	8	3	tc	559.28126672012399	0	0	0	0	0	461.53846551116408	0	0
128	64	16	2	16	3	tc	559.28126672012399	0	0	0	0	0	461.53846551116408	0	0
128	64	16	3	1	3	tc	559.28126672012399	0	0	0	0	0	461.53846551116408	0	0
128	64	16	3	2	3	tc	559.28126672012399	0	0	0	0	0	461.53846551116408	0	0
128	64	16	3	4	3	tc	559.28126672012399	0	0	0	0	0	461.53846551116408	0	0
128	64	16	3	8	3	tc	559.28126672012399	0	0	0	0	0	461.53846551116408	0	0
128	64	16	3	16	3	tc	559.28126672012399	0	0	0	0	0	461.53846551116408	0	0
128	64	16	4	1	3	tc	559.28126672012399	0	0	0	0	0	461.53846551116408	0	0
128	64	16	4	2	3	tc	559.28126672012399	0	0	0	0	0	461.53846551116408	0	0
128	64	16	4	4	3	tc	559.28126672012399	0	0	0	0	0	461.53846551116408	0	0
128	64	16	4	8	3	tc	559.28126672012399	0	0	0	0	0	461.53846551116408	0	0
128	64	16	4	16	3	tc	559.28126672012399	0	0	0	0	0	461.53846551116408	0	0
128	64	16	5	1	3	tc	559.28126672012399	0	0	0	0	0	461.53846551116408	0	0
128	64	16	5	2	3	tc	559.28126672012399	0	0	0	0	0	461.53846551116408	0	0
128	64	16	5	4	3	tc	559.28126672012399	0	0	0	0	0	461.53846551116408	0	0
128	64	16	5	8	3	tc	559.28126672012399	0	0	0	0	0	461.53846551116408	0	0
128	64	16	5	16	3	tc	559.28126672012399	0	0	0	0	0	461.53846551116408	0	0
128	64	32	2	1	2	tc	745.70835562683203	0	0	0	0	0	615.38462068155206	0	0
128	64	32	2	2	2	tc	745.70835562683203	0	0	0	0	0	615.38462068155206	0	0
128	64	32	2	4	2	tc	745.70835562683203	0	0	0	0	0	615.38462068155206	0	0
128	64	32	2	8	2	tc	745.70835562683203	0	0	0	0	0	615.38462068155206	0	0
128	64	32	2	16	2	tc	745.70835562683203	0	0	0	0	0	615.38462068155206	0	0
128	64	32	3	1	2	tc	745.70835562683203	0	0	0	0	0	615.38462068155206	0	0
128	64	32	3	2	2	tc	745.70835562683203	0	0	0	0	0	615.38462068155206	0	0
128	64	32	3	4	2	tc	745.70835562683203	0	0	0	0	0	615.38462068155206	0	0
128	64	32	3	8	2	tc	745.70835562683203	0	0	0	0	0	615.38462068155206	0	0
128	64	32	3	16	2	tc	745.70835562683203	0	0	0	0	0	615.38462068155206	0	0
128	64	32	4	1	2	tc	745.70835562683203	0	0	0	0	0	615.38462068155206	0	0
128	64	32	4	2	2	tc	745.70835562683203	0	0	0	0	0	615.38462068155206	0	0
128	64	32	4	4	2	tc	745.70835562683203	0	0	0	0	0	615.38462068155206	0	0
128	64	32	4	8	2	tc	745.70835562683203	0	0	0	0	0	615.38462068155206	0	0
128	64	32	4	16	2	tc	745.70835562683203	0	0	0	0	0	615.38462068155206	0	0
128	64	32	5	1	1	tc	372.85417781341602	0	0	0	0	0	307.69231034077603	0	0
128	64	32	5	2	1	tc	372.85417781341602	0	0	0	0	0	307.69231034077603	0	0
128	64	32	5	4	1	tc	372.85417781341602	0	0	0	0	0	307.69231034077603	0	0
128	64	32	5	8	1	tc	372.85417781341602	0	0	0	0	0	307.69231034077603	0	0
128	64	32	5	16	1	tc	372.85417781341602	0	0	0	0	0	307.69231034077603	0	0
128	128	16	2	1	2	tc	745.70835562683203	0	0	0	0	0	410.25641378770143	0	0
128	128	16	2	2	2	tc	745.70835562683203	0	0	0	0	0	410.25641378770143	0	0
128	128	16	2	4	2	tc	745.70835562683203	0	0	0	0	0	410.25641378770143	0	0
128	128	16	2	8	2	tc	745.70835562683203	0	0	0	0	0	410.25641378770143	0	0
128	128	16	2	16	2	tc	745.70835562683203	0	0	0	0	0	410.25641378770143	0	0
128	128	16	3	1	2	tc	745.70835562683203	0	0	0	0	0	410.25641378770143	0	0
128	128	16	3	2	2	tc	745.70835562683203	0	0	0	0	0	410.25641378770143	0	0
128	128	16	3	4	2	tc	745.70835562683203	0	0	0	0	0	410.25641378770143	0	0
128	128	16	3	8	2	tc	745.70835562683203	0	0	0	0	0	410.25641378770143	0	0
128	128	16	3	16	2	tc	745.70835562683203	0	0	0	0	0	410.25641378770143	0	0
128	128	16	4	1	2	tc	745.70835562683203	0	0	0	0	0	410.25641378770143	0	0
128	128	16	4	2	2	tc	745.70835562683203	0	0	0	0	0	410.25641378770143	0	0
128	128	16	4	4	2	tc	745.70835562683203	0	0	0	0	0	410.25641378770143	0	0
128	128	16	4	8	2	tc	745.70835562683203	0	0	0	0	0	410.25641378770143	0	0
128	128	16	4	16	2	tc	745.70835562683203	0	0	0	0	0	410.25641378770143	0	0
128	128	16	5	1	2	tc	745.70835562683203	0	0	0	0	0	410.25641378770143	0	0
128	128	16	5	2	2	tc	745.70835562683203	0	0	0	0	0	410.25641378770143	0	0
128	128	16	5	4	2	tc	745.70835562683203	0	0	0	0	0	410.25641378770143	0	0
128	128	16	5	8	2	tc	745.70835562683203	0	0	0	0	0	410.25641378770143	0	0
128	128	16	5	16	2	tc	745.70835562683203	0	0	0	0	0	410.25641378770143	0	0
128	128	32	2	1	2	tc	1491.4167112536641	0	0	0	0	0	820.51282757540287	0	0
128	128	32	2	2	2	tc	1491.4167112536641	0	0	0	0	0	820.51282757540287	0	0
128	128	32	2	4	2	tc	1491.4167112536641	0	0	0	0	0	820.51282757540287	0	0
128	128	32	2	8	2	tc	1491.4167112536641	0	0	0	0	0	820.51282757540287	0	0
128	128	32	2	16	2	tc	1491.4167112536641	0	0	0	0	0	820.51282757540287	0	0
128	128	32	3	1	2	tc	1491.4167112536641	0	0	0	0	0	820.51282757540287	0	0
128	128	32	3	2	2	tc	1491.4167112536641	0	0	0	0	0	820.51282757540287	0	0
128	128	32	3	4	2	tc	1491.4167112536641	0	0	0	0	0	820.51282757540287	0	0
128	128	32	3	8	2	tc	1491.4167112536641	0	0	0	0	0	820.51282757540287	0	0
128	128	32	3	16	2	tc	1491.4167112536641	0	0	0	0	0	820.51282757540287	0	0
128	128	32	4	1	1	tc	745.70835562683203	0	0	0	0	0	410.25641378770143	0	0
128	128	32	4	2	1	tc	745.70835562683203	0	0	0	0	0	410.25641378770143	0	0
128	128	32	4	4	1	tc	745.70835562683203	0	0	0	0	0	410.25641378770143	0	0
128	128	32	4	8	1	tc	745.70835562683203	0	0	0	0	0	410.25641378770143	0	0
128	128	32	4	16	1	tc	745.70835562683203	0	0	0	0	0	410.25641378770143	0	0
128	128	32	5	1	1	tc	745.70835562683203	0	0	0	0	0	410.25641378770143	0	0
128	128	32	5	2	1	tc	745.70835562683203	0	0	0	0	0	410.25641378770143	0	0
128	128	32	5	4	1	tc	745.70835562683203	0	0	0	0	0	410.25641378770143	0	0
128	128	32	5	8	1	tc	745.70835562683203	0	0	0	0	0	410.25641378770143	0	0
128	128	32	5	16	1	tc	745.70835562683203	0	0	0	0	0	410.25641378770143	0	0
128	256	16	2	1	2	tc	1491.4167112536641	0	0	0	0	0	615.38462068155206	0	0
128	256	16	2	2	2	tc	1491.4167112536641	0	0	0	0	0	615.38462068155206	0	0
128	256	16	2	4	2	tc	1491.4167112536641	0	0	0	0	0	615.38462068155206	0	0
128	256	16	2	8	2	tc	1491.4167112536641	0	0	0	0	0	615.38462068155206	0	0
128	256	16	2	16	2	tc	1491.4167112536641	0	0	0	0	0	615.38462068155206	0	0
128	256	16	3	1	2	tc	1491.4167112536641	0	0	0	0	0	615.38462068155206	0	0
128	256	16	3	2	2	tc	1491.4167112536641	0	0	0	0	0	615.38462068155206	0	0
128	256	16	3	4	2	tc	1491.4167112536641	0	0	0	0	0	615.38462068155206	0	0
128	256	16	3	8	2	tc	1491.4167112536641	0	0	0	0	0	615.38462068155206	0	0
128	256	16	3	16	2	tc	1491.4167112536641	0	0	0	0	0	615.38462068155206	0	0
128	256	16	4	1	2	tc	1491.4167112536641	0	0	0	0	0	615.38462068155206	0	0
128	256	16	4	2	2	tc	1491.4167112536641	0	0	0	0	0	615.38462068155206	0	0
128	256	16	4	4	2	tc	1491.4167112536641	0	0	0	0	0	615.38462068155206	0	0
128	256	16	4	8	2	tc	1491.4167112536641	0	0	0	0	0	615.38462068155206	0	0
128	256	16	4	16	2	tc	1491.4167112536641	0	0	0	0	0	615.38462068155206	0	0
128	256	16	5	1	1	tc	745.70835562683203	0	0	0	0	0	307.69231034077603	0	0
128	256	16	5	2	1	tc	745.70835562683203	0	0	0	0	0	307.69231034077603	0	0
128	256	16	5	4	1	tc	745.70835562683203	0	0	0	0	0	307.69231034077603	0	0
128	256	16	5	8	1	tc	745.70835562683203	0	0	0	0	0	307.69231034077603	0	0
128	256	16	5	16	1	tc	745.70835562683203	0	0	0	0	0	307.69231034077603	0	0
128	256	32	2	1	2	tc	2982.8334225073281	0	0	0	0	0	1230.7692413631041	0	0
128	256	32	2	2	2	tc	2982.8334225073281	0	0	0	0	0	1230.7692413631041	0	0
128	256	32	2	4	2	tc	2982.8334225073281	0	0	0	0	0	1230.7692413631041	0	0
128	256	32	2	8	2	tc	2982.8334225073281	0	0	0	0	0	1230.7692413631041	0	0
128	256	32	2	16	2	tc	2982.8334225073281	0	0	0	0	0	1230.7692413631041	0	0
128	256	32	3	1	1	tc	1491.4167112536641	0	0	0	0	0	615.38462068155206	0	0
128	256	32	3	2	1	tc	1491.4167112536641	0	0	0	0	0	615.38462068155206	0	0
128	256	32	3	4	1	tc	1491.4167112536641	0	0	0	0	0	615.38462068155206	0	0
128	256	32	3	8	1	tc	1491.4167112536641	0	0	0	0	0	615.38462068155206	0	0
128	256	32	3	16	1	tc	1491.4167112536641	0	0	0	0	0	615.38462068155206	0	0
128	256	32	4	1	1	tc	1491.4167112536641	0	0	0	0	0	615.38462068155206	0	0
128	256	32	4	2	1	tc	1491.4167112536641	0	0	0	0	0	615.38462068155206	0	0
128	256	32	4	4	1	tc	1491.4167112536641	0	0	0	0	0	615.38462068155206	0	0
128	256	32	4	8	1	tc	1491.4167112536641	0	0	0	0	0	615.38462068155206	0	0
128	256	32	4	16	1	tc	1491.4167112536641	0	0	0	0	0	615.38462068155206	0	0
256	16	16	2	1	4	l2	372.85417781341602	0	0	0	0	0	871.79487929886545	0	0
256	16	16	2	2	4	l2	372.85417781341602	0	0	0	0	0	871.79487929886545	0	0
256	16	16	2	4	4	l2	372.85417781341602	0	0	0	0	0	871.79487929886545	0	0
256	16	16	2	8	4	l2	372.85417781341602	0	0	0	0	0	871.79487929886545	0	0
256	16	16	2	16	4	l2	372.85417781341602	0	0	0	0	0	871.79487929886545	0	0
256	16	16	3	1	3	l2	279.640633360062	0	0	0	0	0	653.84615947414909	0	0
256	16	16	3	2	3	l2	279.640633360062	0	0	0	0	0	653.84615947414909	0	0
256	16	16	3	4	3	l2	279.640633360062	0	0	0	0	0	653.84615947414909	0	0
256	16	16	3	8	3	l2	279.640633360062	0	0	0	0	0	653.84615947414909	0	0
256	16	16	3	16	3	l2	279.640633360062	0	0	0	0	0	653.84615947414909	0	0
256	16	16	4	1	2	l2	186.42708890670801	0	0	0	0	0	435.89743964943273	0	0
256	16	16	4	2	2	l2	186.42708890670801	0	0	0	0	0	435.89743964943273	0	0
256	16	16	4	4	2	l2	186.42708890670801	0	0	0	0	0	435.89743964943273	0	0
256	16	16	4	8	2	l2	186.42708890670801	0	0	0	0	0	435.89743964943273	0	0
256	16	16	4	16	2	l2	186.42708890670801	0	0	0	0	0	435.89743964943273	0	0
256	16	16	5	1	2	l2	186.42708890670801	0	0	0	0	0	435.89743964943273	0	0
256	16	16	5	2	2	l2	186.42708890670801	0	0	0	0	0	435.89743964943273	0	0
256	16	16	5	4	2	l2	186.42708890670801	0	0	0	0	0	435.89743964943273	0	0
256	16	16	5	8	2	l2	186.42708890670801	0	0	0	0	0	435.89743964943273	0	0
256	16	16	5	16	2	l2	186.42708890670801	0	0	0	0	0	435.89743964943273	0	0
256	16	32	2	1	2	l2	372.85417781341602	0	0	0	0	0	871.79487929886545	0	0
256	16	32	2	2	2	l2	372.85417781341602	0	0	0	0	0	871.79487929886545	0	0
256	16	32	2	4	2	l2	372.85417781341602	0	0	0	0	0	871.79487929886545	0	0
256	16	32	2	8	2	l2	372.85417781341602	0	0	0	0	0	871.79487929886545	0	0
256	16	32	2	16	2	l2	372.85417781341602	0	0	0	0	0	871.79487929886545	0	0
256	16	32	3	1	1	l2	186.42708890670801	0	0	0	0	0	435.89743964943273	0	0
256	16	32	3	2	1	l2	186.42708890670801	0	0	0	0	0	435.89743964943273	0	0
256	16	32	3	4	1	l2	186.42708890670801	0	0	0	0	0	435.89743964943273	0	0
256	16	32	3	8	1	l2	186.42708890670801	0	0	0	0	0	435.89743964943273	0	0
256	16	32	3	16	1	l2	186.42708890670801	0	0	0	0	0	435.89743964943273	0	0
256	16	32	4	1	1	l2	186.42708890670801	0	0	0	0	0	435.89743964943273	0	0
256	16	32	4	2	1	l2	186.42708890670801	0	0	0	0	0	435.89743964943273	0	0
256	16	32	4	4	1	l2	186.42708890670801	0	0	0	0	0	435.89743964943273	0	0
256	16	32	4	8	1	l2	186.42708890670801	0	0	0	0	0	435.89743964943273	0	0
256	16	32	4	16	1	l2	186.42708890670801	0	0	0	0	0	435.89743964943273	0	0
256	16	32	5	1	1	l2	186.42708890670801	0	0	0	0	0	435.89743964943273	0	0
256	16	32	5	2	1	l2	186.42708890670801	0	0	0	0	0	435.89743964943273	0	0
256	16	32	5	4	1	l2	186.42708890670801	0	0	0	0	0	435.89743964943273	0	0
256	16	32	5	8	1	l2	186.42708890670801	0	0	0	0	0	435.89743964943273	0	0
256	16	32	5	16	1	l2	186.42708890670801	0	0	0	0	0	435.89743964943273	0	0
256	32	16	2	1	3	l2	559.28126672012399	0	0	0	0	0	692.30769826674612	0	0
256	32	16	2	2	3	l2	559.28126672012399	0	0	0	0	0	692.30769826674612	0	0
256	32	16	2	4	3	l2	559.28126672012399	0	0	0	0	0	692.30769826674612	0	0
256	32	16	2	8	3	l2	559.28126672012399	0	0	0	0	0	692.30769826674612	0	0
256	32	16	2	16	3	l2	559.28126672012399	0	0	0	0	0	692.30769826674612	0	0
256	32	16	3	1	3	l2	559.28126672012399	0	0	0	0	0	692.30769826674612	0	0
256	32	16	3	2	3	l2	559.28126672012399	0	0	0	0	0	692.30769826674612	0	0
256	32	16	3	4	3	l2	559.28126672012399	0	0	0	0	0	692.30769826674612	0	0
256	32	16	3	8	3	l2	559.28126672012399	0	0	0	0	0	692.30769826674612	0	0
256	32	16	3	16	3	l2	559.28126672012399	0	0	0	0	0	692.30769826674612	0	0
256	32	16	4	1	2	l2	372.85417781341602	0	0	0	0	0	461.53846551116408	0	0
256	32	16	4	2	2	l2	372.85417781341602	0	0	0	0	0	461.53846551116408	0	0
256	32	16	4	4	2	l2	372.85417781341602	0	0	0	0	0	461.53846551116408	0	0
256	32	16	4	8	2	l2	372.85417781341602	0	0	0	0	0	461.53846551116408	0	0
256	32	16	4	16	2	l2	372.85417781341602	0	0	0	0	0	461.53846551116408	0	0
256	32	16	5	1	2	l2	372.85417781341602	0	0	0	0	0	461.53846551116408	0	0
256	32	16	5	2	2	l2	372.85417781341602	0	0	0	0	0	461.53846551116408	0	0
256	32	16	5	4	2	l2	372.85417781341602	0	0	0	0	0	461.53846551116408	0	0
256	32	16	5	8	2	l2	372.85417781341602	0	0	0	0	0	461.53846551116408	0	0
256	32	16	5	16	2	l2	372.85417781341602	0	0	0	0	0	461.53846551116408	0	0
256	32	32	2	1	2	l2	745.70835562683203	0	0	0	0	0	923.07693102232815	0	0
256	32	32	2	2	2	l2	745.70835562683203	0	0	0	0	0	923.07693102232815	0	0
256	32	32	2	4	2	l2	745.70835562683203	0	0	0	0	0	923.07693102232815	0	0
256	32	32	2	8	2	l2	745.70835562683203	0	0	0	0	0	923.07693102232815	0	0
256	32	32	2	16	2	l2	745.70835562683203	0	0	0	0	0	923.07693102232815	0	0
256	32	32	3	1	1	l2	372.85417781341602	0	0	0	0	0	461.53846551116408	0	0
256	32	32	3	2	1	l2	372.85417781341602	0	0	0	0	0	461.53846551116408	0	0
256	32	32	3	4	1	l2	372.85417781341602	0	0	0	0	0	461.53846551116408	0	0
256	32	32	3	8	1	l2	372.85417781341602	0	0	0	0	0	461.53846551116408	0	0
256	32	32	3	16	1	l2	372.85417781341602	0	0	0	0	0	461.53846551116408	0	0
256	32	32	4	1	1	l2	372.85417781341602	0	0	0	0	0	461.53846551116408	0	0
256	32	32	4	2	1	l2	372.85417781341602	0	0	0	0	0	461.53846551116408	0	0
256	32	32	4	4	1	l2	372.85417781341602	0	0	0	0	0	461.53846551116408	0	0
256	32	32	4	8	1	l2	372.85417781341602	0	0	0	0	0	461.53846551116408	0	0
256	32	32	4	16	1	l2	372.85417781341602	0	0	0	0	0	461.53846551116408	0	0
256	32	32	5	1	1	l2	372.85417781341602	0	0	0	0	0	461.53846551116408	0	0
256	32	32	5	2	1	l2	372.85417781341602	0	0	0	0	0	461.53846551116408	0	0
256	32	32	5	4	1	l2	372.85417781341602	0	0	0	0	0	461.53846551116408	0	0
256	32	32	5	8	1	l2	372.85417781341602	0	0	0	0	0	461.53846551116408	0	0
256	32	32	5	16	1	l2	372.85417781341602	0	0	0	0	0	461.53846551116408	0	0
256	64	16	2	1	2	tc	745.70835562683203	0	0	0	0	0	512.82051723462678	0	0
256	64	16	2	2	2	tc	745.70835562683203	0	0	0	0	0	512.82051723462678	0	0
256	64	16	2	4	2	tc	745.70835562683203	0	0	0	0	0	512.82051723462678	0	0
256	64	16	2	8	2	tc	745.70835562683203	0	0	0	0	0	512.82051723462678	0	0
256	64	16	2	16	2	tc	745.70835562683203	0	0	0	0	0	512.82051723462678	0	0
256	64	16	3	1	2	tc	745.70835562683203	0	0	0	0	0	512.82051723462678	0	0
256	64	16	3	2	2	tc	745.70835562683203	0	0	0	0	0	512.82051723462678	0	0
256	64	16	3	4	2	tc	745.70835562683203	0	0	0	0	0	512.82051723462678	0	0
256	64	16	3	8	2	tc	745.70835562683203	0	0	0	0	0	512.82051723462678	0	0
256	64	16	3	16	2	tc	745.70835562683203	0	0	0	0	0	512.82051723462678	0	0
256	64	16	4	1	2	tc	745.70835562683203	0	0	0	0	0	512.82051723462678	0	0
256	64	16	4	2	2	tc	745.70835562683203	0	0	0	0	0	512.82051723462678	0	0
256	64	16	4	4	2	tc	745.70835562683203	0	0	0	0	0	512.82051723462678	0	0
256	64	16	4	8	2	tc	745.70835562683203	0	0	0	0	0	512.82051723462678	0	0
256	64	16	4	16	2	tc	745.70835562683203	0	0	0	0	0	512.82051723462678	0	0
256	64	16	5	1	1	tc	372.85417781341602	0	0	0	0	0	256.41025861731339	0	0
256	64	16	5	2	1	tc	372.85417781341602	0	0	0	0	0	256.41025861731339	0	0
256	64	16	5	4	1	tc	372.85417781341602	0	0	0	0	0	256.41025861731339	0	0
256	64	16	5	8	1	tc	372.85417781341602	0	0	0	0	0	256.41025861731339	0	0
256	64	16	5	16	1	tc	372.85417781341602	0	0	0	0	0	256.41025861731339	0	0
256	64	32	2	1	2	tc	1491.4167112536641	0	0	0	0	0	1025.6410344692536	0	0
256	64	32	2	2	2	tc	1491.4167112536641	0	0	0	0	0	1025.6410344692536	0	0
256	64	32	2	4	2	tc	1491.4167112536641	0	0	0	0	0	1025.6410344692536	0	0
256	64	32	2	8	2	tc	1491.4167112536641	0	0	0	0	0	1025.6410344692536	0	0
256	64	32	2	16	2	tc	1491.4167112536641	0	0	0	0	0	1025.6410344692536	0	0
256	64	32	3	1	1	tc	745.70835562683203	0	0	0	0	0	512.82051723462678	0	0
256	64	32	3	2	1	tc	745.70835562683203	0	0	0	0	0	512.82051723462678	0	0
256	64	32	3	4	1	tc	745.70835562683203	0	0	0	0	0	512.82051723462678	0	0
256	64	32	3	8	1	tc	745.70835562683203	0	0	0	0	0	512.82051723462678	0	0
256	64	32	3	16	1	tc	745.70835562683203	0	0	0	0	0	512.82051723462678	0	0
256	64	32	4	1	1	tc	745.70835562683203	0	0	0	0	0	512.82051723462678	0	0
256	64	32	4	2	1	tc	745.70835562683203	0	0	0	0	0	512.82051723462678	0	0
256	64	32	4	4	1	tc	745.70835562683203	0	0	0	0	0	512.82051723462678	0	0
256	64	32	4	8	1	tc	745.70835562683203	0	0	0	0	0	512.82051723462678	0	0
256	64	32	4	16	1	tc	745.70835562683203	0	0	0	0	0	512.82051723462678	0	0
256	128	16	2	1	2	tc	1491.4167112536641	0	0	0	0	0	615.38462068155206	0	0
256	128	16	2	2	2	tc	1491.4167112536641	0	0	0	0	0	615.38462068155206	0	0
256	128	16	2	4	2	tc	1491.4167112536641	0	0	0	0	0	615.38462068155206	0	0
256	128	16	2	8	2	tc	1491.4167112536641	0	0	0	0	0	615.38462068155206	0	0
256	128	16	2	16	2	tc	1491.4167112536641	0	0	0	0	0	615.38462068155206	0	0
256	128	16	3	1	2	tc	1491.4167112536641	0	0	0	0	0	615.38462068155206	0	0
256	128	16	3	2	2	tc	1491.4167112536641	0	0	0	0	0	615.38462068155206	0	0
256	128	16	3	4	2	tc	1491.4167112536641	0	0	0	0	0	615.38462068155206	0	0
256	128	16	3	8	2	tc	1491.4167112536641	0	0	0	0	0	615.38462068155206	0	0
256	128	16	3	16	2	tc	1491.4167112536641	0	0	0	0	0	615.38462068155206	0	0
256	128	16	4	1	2	tc	1491.4167112536641	0	0	0	0	0	615.38462068155206	0	0
256	128	16	4	2	2	tc	1491.4167112536641	0	0	0	0	0	615.38462068155206	0	0
256	128	16	4	4	2	tc	1491.4167112536641	0	0	0	0	0	615.38462068155206	0	0
256	128	16	4	8	2	tc	1491.4167112536641	0	0	0	0	0	615.38462068155206	0	0
256	128	16	4	16	2	tc	1491.4167112536641	0	0	0	0	0	615.38462068155206	0	0
256	128	16	5	1	1	tc	745.70835562683203	0	0	0	0	0	307.69231034077603	0	0
256	128	16	5	2	1	tc	745.70835562683203	0	0	0	0	0	307.69231034077603	0	0
256	128	16	5	4	1	tc	745.70835562683203	0	0	0	0	0	307.69231034077603	0	0
256	128	16	5	8	1	tc	745.70835562683203	0	0	0	0	0	307.69231034077603	0	0
256	128	16	5	16	1	tc	745.70835562683203	0	0	0	0	0	307.69231034077603	0	0
256	128	32	2	1	2	tc	2982.8334225073281	0	0	0	0	0	1230.7692413631041	0	0
256	128	32	2	2	2	tc	2982.8334225073281	0	0	0	0	0	1230.7692413631041	0	0
256	128	32	2	4	2	tc	2982.8334225073281	0	0	0	0	0	1230.7692413631041	0	0
256	128	32	2	8	2	tc	2982.8334225073281	0	0	0	0	0	1230.7692413631041	0	0
256	128	32	2	16	2	tc	2982.8334225073281	0	0	0	0	0	1230.7692413631041	0	0
256	128	32	3	1	1	tc	1491.4167112536641	0	0	0	0	0	615.38462068155206	0	0
256	128	32	3	2	1	tc	1491.4167112536641	0	0	0	0	0	615.38462068155206	0	0
256	128	32	3	4	1	tc	1491.4167112536641	0	0	0	0	0	615.38462068155206	0	0
256	128	32	3	8	1	tc	1491.4167112536641	0	0	0	0	0	615.38462068155206	0	0
256	128	32	3	16	1	tc	1491.4167112536641	0	0	0	0	0	615.38462068155206	0	0
256	128	32	4	1	1	tc	1491.4167112536641	0	0	0	0	0	615.38462068155206	0	0
256	128	32	4	2	1	tc	1491.4167112536641	0	0	0	0	0	615.38462068155206	0	0
256	128	32	4	4	1	tc	1491.4167112536641	0	0	0	0	0	615.38462068155206	0	0
256	128	32	4	8	1	tc	1491.4167112536641	0	0	0	0	0	615.38462068155206	0	0
256	128	32	4	16	1	tc	1491.4167112536641	0	0	0	0	0	615.38462068155206	0	0
256	256	16	2	1	2	tc	2982.8334225073281	0	0	0	0	0	820.51282757540287	0	0
256	256	16	2	2	2	tc	2982.8334225073281	0	0	0	0	0	820.51282757540287	0	0
256	256	16	2	4	2	tc	2982.8334225073281	0	0	0	0	0	820.51282757540287	0	0
256	256	16	2	8	2	tc	2982.8334225073281	0	0	0	0	0	820.51282757540287	0	0
256	256	16	2	16	2	tc	2982.8334225073281	0	0	0	0	0	820.51282757540287	0	0
256	256	16	3	1	2	tc	2982.8334225073281	0	0	0	0	0	820.51282757540287	0	0
256	256	16	3	2	2	tc	2982.8334225073281	0	0	0	0	0	820.51282757540287	0	0
256	256	16	3	4	2	tc	2982.8334225073281	0	0	0	0	0	820.51282757540287	0	0
256	256	16	3	8	2	tc	2982.8334225073281	0	0	0	0	0	820.51282757540287	0	0
256	256	16	3	16	2	tc	2982.8334225073281	0	0	0	0	0	820.51282757540287	0	0
256	256	16	4	1	1	tc	1491.4167112536641	0	0	0	0	0	410.25641378770143	0	0
256	256	16	4	2	1	tc	1491.4167112536641	0	0	0	0	0	410.25641378770143	0	0
256	256	16	4	4	1	tc	1491.4167112536641	0	0	0	0	0	410.25641378770143	0	0
256	256	16	4	8	1	tc	1491.4167112536641	0	0	0	0	0	410.25641378770143	0	0
256	256	16	4	16	1	tc	1491.4167112536641	0	0	0	0	0	410.25641378770143	0	0
256	256	16	5	1	1	tc	1491.4167112536641	0	0	0	0	0	410.25641378770143	0	0
256	256	16	5	2	1	tc	1491.4167112536641	0	0	0	0	0	410.25641378770143	0	0
256	256	16	5	4	1	tc	1491.4167112536641	0	0	0	0	0	410.25641378770143	0	0
256	256	16	5	8	1	tc	1491.4167112536641	0	0	0	0	0	410.25641378770143	0	0
256	256	16	5	16	1	tc	1491.4167112536641	0	0	0	0	0	410.25641378770143	0	0
256	256	32	2	1	1	tc	2982.8334225073281	0	0	0	0	0	820.51282757540287	0	0
256	256	32	2	2	1	tc	2982.8334225073281	0	0	0	0	0	820.51282757540287	0	0
256	256	32	2	4	1	tc	2982.8334225073281	0	0	0	0	0	820.51282757540287	0	0
256	256	32	2	8	1	tc	2982.8334225073281	0	0	0	0	0	820.51282757540287	0	0
256	256	32	2	16	1	tc	2982.8334225073281	0	0	0	0	0	820.51282757540287	0	0
256	256	32	3	1	1	tc	2982.8334225073281	0	0	0	0	0	820.51282757540287	0	0
256	256	32	3	2	1	tc	2982.8334225073281	0	0	0	0	0	820.51282757540287	0	0
256	256	32	3	4	1	tc	2982.8334225073281	0	0	0	0	0	820.51282757540287	0	0
256	256	32	3	8	1	tc	2982.8334225073281	0	0	0	0	0	820.51282757540287	0	0
256	256	32	3	16	1	tc	2982.8334225073281	0	0	0	0	0	820.51282757540287	0	0
