gate	model	seq	arm	n	base_median_ms	arm_median_ms	ratio	ci_lo	ci_hi	p_wilcoxon
S2-b	gqa2	4	legacy_grid_stride	25	0.292864	0.445440	1.5210	1.5175	1.5245	1.285e-05
S2-b	gqa2	4	balanced	25	0.292864	0.628800	2.1469	2.1440	2.1533	1.277e-05
S2-b	gqa2	4	rotate	25	0.292864	0.292864	1.0000	1.0000	1.0000	nan
S2-b	gqa2	4	eft	25	0.292864	0.295680	1.0096	1.0070	1.0137	2.181e-05
S2-b	gqa2	4	band	25	0.292864	0.445440	1.5181	1.5175	1.5210	1.289e-05
S2-b	gqa2	4	wavefront	25	0.292864	0.297984	1.0172	1.0139	1.0201	1.291e-05
vs0	gqa2	4	eft	25	0.445440	0.295680	0.6636	0.6616	0.6653	1.306e-05
vsL1	gqa2	4	eft	25	0.403616	0.295680	0.7320	0.7305	0.7328	1.306e-05
S2-b	mha4	4	legacy_grid_stride	25	0.578752	0.887648	1.5323	1.5300	1.5371	1.305e-05
S2-b	mha4	4	balanced	25	0.578752	1.208320	2.0867	2.0838	2.0895	1.304e-05
S2-b	mha4	4	rotate	25	0.578752	0.578752	1.0000	1.0000	1.0000	nan
S2-b	mha4	4	eft	25	0.578752	0.586752	1.0141	1.0106	1.0212	1.307e-05
S2-b	mha4	4	band	25	0.578752	0.888672	1.5345	1.5307	1.5359	1.305e-05
S2-b	mha4	4	wavefront	25	0.578752	0.592896	1.0265	1.0175	1.0299	1.650e-04
vs0	mha4	4	eft	25	0.887648	0.586752	0.6624	0.6579	0.6653	1.307e-05
vsL1	mha4	4	eft	25	0.807136	0.586752	0.7276	0.7266	0.7300	1.307e-05
S2-b	gqa2	128	legacy_grid_stride	25	0.457728	0.615424	1.3445	1.3444	1.3468	1.270e-05
S2-b	gqa2	128	balanced	25	0.457728	1.019872	2.2280	2.2260	2.2282	1.241e-05
S2-b	gqa2	128	rotate	25	0.457728	0.457728	1.0000	1.0000	1.0000	nan
S2-b	gqa2	128	eft	25	0.457728	0.458752	1.0022	1.0017	1.0026	8.422e-05
S2-b	gqa2	128	band	25	0.457728	0.623616	1.3624	1.3624	1.3647	1.210e-05
S2-b	gqa2	128	wavefront	25	0.457728	0.458752	1.0022	1.0022	1.0045	3.165e-05
vs0	gqa2	128	eft	25	0.615424	0.458752	0.7451	0.7442	0.7454	1.277e-05
vsL1	gqa2	128	eft	25	0.566528	0.458752	0.8091	0.8084	0.8101	1.301e-05
S2-b	mha4	128	legacy_grid_stride	25	0.855872	1.171584	1.3377	1.3362	1.4629	1.307e-05
S2-b	mha4	128	balanced	25	0.855872	3.665920	4.2826	4.2799	4.5924	1.306e-05
S2-b	mha4	128	rotate	25	0.855872	0.855872	1.0000	1.0000	1.0000	nan
S2-b	mha4	128	eft	25	0.855872	0.879616	1.0273	1.0263	1.0275	1.301e-05
S2-b	mha4	128	band	25	0.855872	1.158144	1.3533	1.3525	1.3545	1.306e-05
S2-b	mha4	128	wavefront	25	0.855872	0.858112	1.0024	1.0012	1.0036	5.579e-03
vs0	mha4	128	eft	25	1.171584	0.879616	0.7679	0.7029	0.7688	1.307e-05
vsL1	mha4	128	eft	25	1.029248	0.879616	0.8537	0.8532	0.8541	1.307e-05
S2-c	real	4	legacy_grid_stride	25	4.758432	6.195296	1.3024	1.3015	1.3033	1.307e-05
S2-c	real	4	rotate	25	4.758432	4.758432	1.0000	1.0000	1.0000	nan
S2-c	real	4	eft	25	4.758432	4.889408	1.0273	1.0269	1.0281	2.276e-04
S2-c	real	4	band	25	4.758432	6.191104	1.3017	1.2995	1.3037	1.307e-05
S2-c	real	4	wavefront	25	4.758432	4.765696	1.0017	1.0015	1.0021	1.234e-02
vs0	real	4	eft	25	6.195296	4.889408	0.7888	0.7883	0.7893	1.307e-05
vsL1	real	4	eft	25	5.805248	4.889408	0.8419	0.8415	0.8424	1.307e-05
S2-c	real	128	legacy_grid_stride	25	7.094912	8.480768	1.1959	1.1781	1.1963	1.307e-05
S2-c	real	128	rotate	25	7.094912	7.094912	1.0000	1.0000	1.0000	nan
S2-c	real	128	eft	25	7.094912	7.436288	1.0487	1.0483	1.0493	3.038e-05
S2-c	real	128	band	25	7.094912	8.504096	1.1993	1.1936	1.1997	1.307e-05
S2-c	real	128	wavefront	25	7.094912	7.086336	0.9987	0.9982	0.9994	6.336e-02
vs0	real	128	eft	25	8.480768	7.436288	0.8768	0.8763	0.8912	1.307e-05
vsL1	real	128	eft	25	7.663552	7.436288	0.9711	0.9683	0.9715	1.307e-05
S2-b	ALL	ALL	legacy_grid_stride	100	-	-	1.4704	1.4170	1.5179	3.944e-18
S2-b	ALL	ALL	balanced	100	-	-	2.2080	2.1507	2.2264	3.937e-18
S2-b	ALL	ALL	rotate	100	-	-	1.0000	1.0000	1.0000	nan
S2-b	ALL	ALL	eft	100	-	-	1.0111	1.0086	1.0147	4.825e-17
S2-b	ALL	ALL	band	100	-	-	1.4867	1.3654	1.5175	3.933e-18
S2-b	ALL	ALL	wavefront	100	-	-	1.0105	1.0050	1.0149	5.791e-14

gate	model	seq	arm	probe	n	l2_median_ms	l1_median_ms
S2-d	gqa2	4	rotate	neither	25	0.058368	0.403456
S2-d	gqa2	4	rotate	nowait	25	0.061184	0.403456
S2-d	gqa2	4	rotate	full	25	0.291744	0.403456
S2-d	gqa2	4	rotate	l1nosync	25	0.291840	0.363552
S2-d	gqa2	4	eft	neither	25	0.237568	0.401344
S2-d	gqa2	4	eft	nowait	25	0.276384	0.401408
S2-d	gqa2	4	eft	full	25	0.292864	0.401408
S2-d	gqa2	4	eft	l1nosync	25	0.292864	0.363520
S2-d	mha4	4	rotate	neither	25	0.135456	0.809216
S2-d	mha4	4	rotate	nowait	25	0.143328	0.808960
S2-d	mha4	4	rotate	full	25	0.579392	0.809184
S2-d	mha4	4	rotate	l1nosync	25	0.579456	0.728928
S2-d	mha4	4	eft	neither	25	0.470016	0.806912
S2-d	mha4	4	eft	nowait	25	0.554080	0.808960
S2-d	mha4	4	eft	full	25	0.588000	0.807936
S2-d	mha4	4	eft	l1nosync	25	0.586752	0.728352
S2-d	gqa2	128	rotate	neither	25	0.157696	0.565248
S2-d	gqa2	128	rotate	nowait	25	0.187392	0.565248
S2-d	gqa2	128	rotate	full	25	0.455680	0.565280
S2-d	gqa2	128	rotate	l1nosync	25	0.455680	0.525216
S2-d	gqa2	128	eft	neither	25	0.380672	0.565344
S2-d	gqa2	128	eft	nowait	25	0.432128	0.565440
S2-d	gqa2	128	eft	full	25	0.456704	0.565248
S2-d	gqa2	128	eft	l1nosync	25	0.456768	0.525312
S2-d	mha4	128	rotate	neither	25	0.266144	1.029920
S2-d	mha4	128	rotate	nowait	25	0.369664	1.131520
S2-d	mha4	128	rotate	full	25	0.911360	1.090272
S2-d	mha4	128	rotate	l1nosync	25	0.855840	0.959488
S2-d	mha4	128	eft	neither	25	0.697536	1.029120
S2-d	mha4	128	eft	nowait	25	0.911040	1.128448
S2-d	mha4	128	eft	full	25	0.878688	1.029120
S2-d	mha4	128	eft	l1nosync	25	0.878592	0.958464
