model	split	fp32_partials	round	pass	mismatch	max_abs	partial_bytes	l05_ms	l1_ms	l2_ms
gqa2	1	0	0	1	0	0.03125	0	0.562368	0.568320	0.609376
gqa2	1	1	0	1	0	0.03125	0	0.558080	0.564448	0.615424
gqa2	2	0	0	0	2	0.09375	4194304	1.174400	1.170624	1.227584
gqa2	2	1	0	1	0	0.03125	8388608	1.260544	1.261568	1.324032
gqa2	4	0	0	0	1	0.0625	8388608	0.916480	0.831584	0.970624
gqa2	4	1	0	1	0	0.03125	16777216	1.009664	0.921696	1.057792
gqa2	8	0	0	1	0	0.0625	16777216	0.921792	1.047552	0.974688
gqa2	8	1	0	1	0	0.03125	33554432	1.038208	1.141760	1.075200
gqa2	16	0	0	0	3	0.09375	33554432	1.070080	1.659712	1.107936
gqa2	16	1	0	1	0	0.03125	67108864	1.145952	1.627136	1.163264
mha4	1	0	0	1	0	0.03125	0	1.037312	1.038464	1.130400
mha4	1	1	0	1	0	0.03125	0	1.019904	1.028096	1.141760
mha4	2	0	0	0	57	0.078125	9437184	2.141184	2.142272	2.263040
mha4	2	1	0	1	0	0.046875	18874368	2.299904	2.298880	2.430976
mha4	4	0	0	0	69	0.078125	18874368	1.782784	1.631296	1.907712
mha4	4	1	0	1	0	0.046875	37748736	1.970176	1.806432	2.080768
mha4	8	0	0	0	70	0.09375	37748736	1.795040	2.045952	1.919840
mha4	8	1	0	1	0	0.046875	75497472	2.074368	2.268256	2.162688
mha4	16	0	0	0	61	0.09375	75497472	2.008928	3.066976	2.077600
mha4	16	1	0	1	0	0.046875	150994944	2.361472	3.289088	2.417664
gqa2	1	1	1	1	0	0.03125	0	0.507776	0.514080	0.559104
gqa2	2	0	1	0	2	0.09375	4194304	1.071104	1.070080	1.115296
gqa2	2	1	1	1	0	0.03125	8388608	1.148928	1.146944	1.205248
gqa2	4	0	1	0	1	0.0625	8388608	0.892928	0.813184	0.945152
gqa2	4	1	1	1	0	0.03125	16777216	0.983040	0.900192	1.028096
gqa2	8	0	1	1	0	0.0625	16777216	0.898048	1.020928	0.950272
gqa2	8	1	1	1	0	0.03125	33554432	1.010688	1.112064	1.049600
gqa2	16	0	1	0	3	0.09375	33554432	1.071104	1.657024	1.107968
gqa2	16	1	1	1	0	0.03125	67108864	1.168384	1.655904	1.187648
mha4	1	0	1	1	0	0.03125	0	1.055680	1.066112	1.160320
mha4	1	1	1	1	0	0.03125	0	1.047424	1.062624	1.174528
mha4	2	0	1	0	57	0.078125	9437184	2.351104	2.183264	2.314240
mha4	2	1	1	1	0	0.046875	18874368	2.298720	2.295808	2.427904
mha4	4	0	1	0	69	0.078125	18874368	1.782784	1.632256	1.907712
mha4	4	1	1	1	0	0.046875	37748736	1.969184	1.807200	2.081696
mha4	8	0	1	0	70	0.09375	37748736	1.796096	2.045952	1.919904
mha4	8	1	1	1	0	0.046875	75497472	2.078720	2.269184	2.163712
mha4	16	0	1	0	61	0.09375	75497472	2.010112	3.068032	2.077952
mha4	16	1	1	1	0	0.046875	150994944	2.371584	3.293184	2.427808
gqa2	1	0	1	1	0	0.03125	0	0.512224	0.514912	0.553984
gqa2	2	0	2	0	2	0.09375	4194304	1.071104	1.071008	1.117184
gqa2	2	1	2	1	0	0.03125	8388608	1.147904	1.147744	1.206272
gqa2	4	0	2	0	1	0.0625	8388608	0.892928	0.813152	0.945088
gqa2	4	1	2	1	0	0.03125	16777216	0.983040	0.898112	1.029120
gqa2	8	0	2	1	0	0.0625	16777216	0.897024	1.019904	0.949504
gqa2	8	1	2	1	0	0.03125	33554432	1.009472	1.111936	1.047712
gqa2	16	0	2	0	3	0.09375	33554432	0.974848	1.509376	1.004544
gqa2	16	1	2	1	0	0.03125	67108864	1.133568	1.610752	1.152928
mha4	1	0	2	1	0	0.03125	0	1.027072	1.030912	1.128448
mha4	1	1	2	1	0	0.03125	0	1.017856	1.027168	1.141760
mha4	2	0	2	0	57	0.078125	9437184	2.141024	2.142208	2.262016
mha4	2	1	2	1	0	0.046875	18874368	2.300000	2.297664	2.429952
mha4	4	0	2	0	69	0.078125	18874368	1.783808	1.631296	1.908736
mha4	4	1	2	1	0	0.046875	37748736	1.969152	1.805152	2.081792
mha4	8	0	2	0	70	0.09375	37748736	1.795072	2.048000	1.920000
mha4	8	1	2	1	0	0.046875	75497472	2.077632	2.266208	2.162720
mha4	16	0	2	0	61	0.09375	75497472	2.011136	3.068928	2.079744
mha4	16	1	2	1	0	0.046875	150994944	2.364416	3.291232	2.418656
gqa2	1	0	2	1	0	0.03125	0	0.512000	0.514048	0.553984
gqa2	1	1	2	1	0	0.03125	0	0.506880	0.514784	0.559104
gqa2	2	1	3	1	0	0.03125	8388608	1.148960	1.145952	1.205248
gqa2	4	0	3	0	1	0.0625	8388608	0.893952	0.814016	0.945152
gqa2	4	1	3	1	0	0.03125	16777216	1.079296	0.992064	1.132544
gqa2	8	0	3	1	0	0.0625	16777216	0.972800	1.102880	1.022976
gqa2	8	1	3	1	0	0.03125	33554432	1.091584	1.202176	1.131520
gqa2	16	0	3	0	3	0.09375	33554432	1.057792	1.638400	1.094720
gqa2	16	1	3	1	0	0.03125	67108864	1.129376	1.606752	1.148864
mha4	1	0	3	1	0	0.03125	0	1.025920	1.031168	1.130208
mha4	1	1	3	1	0	0.03125	0	1.019904	1.028096	1.142784
mha4	2	0	3	0	57	0.078125	9437184	2.140160	2.142080	2.261792
mha4	2	1	3	1	0	0.046875	18874368	2.300928	2.296864	2.428928
mha4	4	0	3	0	69	0.078125	18874368	1.781760	1.631104	1.907712
mha4	4	1	3	1	0	0.046875	37748736	1.970176	1.805216	2.079744
mha4	8	0	3	0	70	0.09375	37748736	1.793024	2.044928	1.918976
mha4	8	1	3	1	0	0.046875	75497472	2.078720	2.271168	2.163712
mha4	16	0	3	0	61	0.09375	75497472	2.010112	3.066688	2.076672
mha4	16	1	3	1	0	0.046875	150994944	2.361152	3.293248	2.417664
gqa2	1	0	3	1	0	0.03125	0	0.511872	0.514912	0.553248
gqa2	1	1	3	1	0	0.03125	0	0.506880	0.514080	0.558944
gqa2	2	0	3	0	2	0.09375	4194304	1.072128	1.069152	1.117184
gqa2	4	0	4	0	1	0.0625	8388608	0.893920	0.814080	0.944960
gqa2	4	1	4	1	0	0.03125	16777216	1.080320	0.989376	1.132544
gqa2	8	0	4	1	0	0.0625	16777216	0.986112	1.119392	1.038176
gqa2	8	1	4	1	0	0.03125	33554432	1.111040	1.223584	1.153024
gqa2	16	0	4	0	3	0.09375	33554432	1.071104	1.660928	1.112064
gqa2	16	1	4	1	0	0.03125	67108864	1.144832	1.622080	1.160192
mha4	1	0	4	1	0	0.03125	0	1.034240	1.035360	1.137600
mha4	1	1	4	1	0	0.03125	0	1.025024	1.029248	1.152000
mha4	2	0	4	0	57	0.078125	9437184	2.351104	2.342912	2.307072
mha4	2	1	4	1	0	0.046875	18874368	2.297856	2.295872	2.428928
mha4	4	0	4	0	69	0.078125	18874368	1.782784	1.632256	1.907712
mha4	4	1	4	1	0	0.046875	37748736	1.970176	1.804384	2.080768
mha4	8	0	4	0	70	0.09375	37748736	1.795072	2.044736	1.919808
mha4	8	1	4	1	0	0.046875	75497472	2.081792	2.274176	2.171776
mha4	16	0	4	0	61	0.09375	75497472	2.010112	3.069024	2.079744
mha4	16	1	4	1	0	0.046875	150994944	2.362368	3.290112	2.417792
gqa2	1	0	4	1	0	0.03125	0	0.512000	0.515072	0.555008
gqa2	1	1	4	1	0	0.03125	0	0.506080	0.514080	0.558080
gqa2	2	0	4	0	2	0.09375	4194304	1.070080	1.069152	1.116960
gqa2	2	1	4	1	0	0.03125	8388608	1.149952	1.146880	1.205248
gqa2	4	1	5	1	0	0.03125	16777216	1.079296	0.989184	1.131648
gqa2	8	0	5	1	0	0.0625	16777216	0.985088	1.121440	1.038336
gqa2	8	1	5	1	0	0.03125	33554432	1.108992	1.219584	1.149952
gqa2	16	0	5	0	3	0.09375	33554432	1.069056	1.657920	1.109952
gqa2	16	1	5	1	0	0.03125	67108864	1.244256	1.768448	1.265664
mha4	1	0	5	1	0	0.03125	0	1.026048	1.032192	1.130496
mha4	1	1	5	1	0	0.03125	0	1.019680	1.027072	1.141760
mha4	2	0	5	0	57	0.078125	9437184	2.139136	2.141184	2.260992
mha4	2	1	5	1	0	0.046875	18874368	2.299904	2.296608	2.429952
mha4	4	0	5	0	69	0.078125	18874368	1.781760	1.632000	1.907712
mha4	4	1	5	1	0	0.046875	37748736	1.968128	1.803328	2.079744
mha4	8	0	5	0	70	0.09375	37748736	1.794048	2.045984	1.919776
mha4	8	1	5	1	0	0.046875	75497472	2.079744	2.272096	2.166784
mha4	16	0	5	0	61	0.09375	75497472	2.009088	3.066944	2.076896
mha4	16	1	5	1	0	0.046875	150994944	2.359296	3.291264	2.418784
gqa2	1	0	5	1	0	0.03125	0	0.512000	0.515072	0.555008
gqa2	1	1	5	1	0	0.03125	0	0.506880	0.514048	0.560128
gqa2	2	0	5	0	2	0.09375	4194304	1.069984	1.069088	1.117248
gqa2	2	1	5	1	0	0.03125	8388608	1.148800	1.146880	1.206272
gqa2	4	0	5	0	1	0.0625	8388608	0.892928	0.814080	0.944128
gqa2	8	0	6	1	0	0.0625	16777216	0.899072	1.021760	0.951296
gqa2	8	1	6	1	0	0.03125	33554432	1.009664	1.111040	1.049504
gqa2	16	0	6	0	3	0.09375	33554432	0.973792	1.510400	1.005696
gqa2	16	1	6	1	0	0.03125	67108864	1.140704	1.613888	1.157120
mha4	1	0	6	1	0	0.03125	0	1.026048	1.032256	1.130400
mha4	1	1	6	1	0	0.03125	0	1.019904	1.028160	1.143808
mha4	2	0	6	0	57	0.078125	9437184	2.348032	2.339008	2.253824
mha4	2	1	6	1	0	0.046875	18874368	2.300928	2.295808	2.430816
mha4	4	0	6	0	69	0.078125	18874368	1.783808	1.631360	1.908736
mha4	4	1	6	1	0	0.046875	37748736	1.969216	1.804192	2.082816
mha4	8	0	6	0	70	0.09375	37748736	1.792000	2.044928	1.918976
mha4	8	1	6	1	0	0.046875	75497472	2.073600	2.267200	2.163552
mha4	16	0	6	0	61	0.09375	75497472	2.009088	3.068992	2.078720
mha4	16	1	6	1	0	0.046875	150994944	2.360320	3.287040	2.419712
gqa2	1	0	6	1	0	0.03125	0	0.512096	0.515136	0.553984
gqa2	1	1	6	1	0	0.03125	0	0.507648	0.514112	0.557120
gqa2	2	0	6	0	2	0.09375	4194304	1.070080	1.069920	1.116160
gqa2	2	1	6	1	0	0.03125	8388608	1.148928	1.147904	1.205248
gqa2	4	0	6	0	1	0.0625	8388608	0.892832	0.814080	0.945152
gqa2	4	1	6	1	0	0.03125	16777216	0.984064	0.899072	1.030176
gqa2	8	1	7	1	0	0.03125	33554432	1.009824	1.112064	1.051520
gqa2	16	0	7	0	3	0.09375	33554432	1.073056	1.662976	1.113088
gqa2	16	1	7	1	0	0.03125	67108864	1.249280	1.769472	1.273856
mha4	1	0	7	1	0	0.03125	0	1.127424	1.134592	1.242112
mha4	1	1	7	1	0	0.03125	0	1.120256	1.128448	1.255424
mha4	2	0	7	0	57	0.078125	9437184	2.350080	2.340864	2.254848
mha4	2	1	7	1	0	0.046875	18874368	2.300736	2.296928	2.429728
mha4	4	0	7	0	69	0.078125	18874368	1.784864	1.632128	1.909760
mha4	4	1	7	1	0	0.046875	37748736	1.970176	1.805312	2.080576
mha4	8	0	7	0	70	0.09375	37748736	1.793312	2.045056	1.917952
mha4	8	1	7	1	0	0.046875	75497472	2.075648	2.267200	2.162688
mha4	16	0	7	0	61	0.09375	75497472	2.011136	3.068832	2.078528
mha4	16	1	7	1	0	0.046875	150994944	2.364416	3.289088	2.422784
gqa2	1	0	7	1	0	0.03125	0	0.513024	0.516064	0.553728
gqa2	1	1	7	1	0	0.03125	0	0.507904	0.514080	0.558080
gqa2	2	0	7	0	2	0.09375	4194304	1.069888	1.071104	1.119008
gqa2	2	1	7	1	0	0.03125	8388608	1.149952	1.147680	1.205248
gqa2	4	0	7	0	1	0.0625	8388608	0.892992	0.814080	0.945152
gqa2	4	1	7	1	0	0.03125	16777216	0.982016	0.899072	1.029120
gqa2	8	0	7	1	0	0.0625	16777216	0.899072	1.020832	0.950272
gqa2	16	0	8	0	3	0.09375	33554432	0.974720	1.510208	1.004544
gqa2	16	1	8	1	0	0.03125	67108864	1.133568	1.608800	1.152256
mha4	1	0	8	1	0	0.03125	0	1.025024	1.031232	1.129216
mha4	1	1	8	1	0	0.03125	0	1.019904	1.028064	1.142784
mha4	2	0	8	0	57	0.078125	9437184	2.141120	2.140288	2.260928
mha4	2	1	8	1	0	0.046875	18874368	2.298880	2.296608	2.430976
mha4	4	0	8	0	69	0.078125	18874368	1.784960	1.632256	1.907712
mha4	4	1	8	1	0	0.046875	37748736	1.968064	1.805312	2.081792
mha4	8	0	8	0	70	0.09375	37748736	1.796064	2.044928	1.920000
mha4	8	1	8	1	0	0.046875	75497472	2.075648	2.269184	2.162688
mha4	16	0	8	0	61	0.09375	75497472	2.010112	3.068992	2.078720
mha4	16	1	8	1	0	0.046875	150994944	2.365440	3.291136	2.419712
gqa2	1	0	8	1	0	0.03125	0	0.510976	0.514976	0.552960
gqa2	1	1	8	1	0	0.03125	0	0.506880	0.515072	0.558080
gqa2	2	0	8	0	2	0.09375	4194304	1.069024	1.069088	1.116192
gqa2	2	1	8	1	0	0.03125	8388608	1.149952	1.146784	1.205248
gqa2	4	0	8	0	1	0.0625	8388608	0.980992	0.895136	1.033216
gqa2	4	1	8	1	0	0.03125	16777216	1.079296	0.989376	1.133632
gqa2	8	0	8	1	0	0.0625	16777216	0.988000	1.122496	1.038336
gqa2	8	1	8	1	0	0.03125	33554432	1.108992	1.218720	1.147904
gqa2	16	1	9	1	0	0.03125	67108864	1.249280	1.768608	1.253376
mha4	1	0	9	1	0	0.03125	0	1.108992	1.126400	1.217536
mha4	1	1	9	1	0	0.03125	0	1.030208	1.032192	1.156096
mha4	2	0	9	0	57	0.078125	9437184	2.163712	2.152448	2.262912
mha4	2	1	9	1	0	0.046875	18874368	2.300928	2.296800	2.427904
mha4	4	0	9	0	69	0.078125	18874368	1.782016	1.633280	1.907872
mha4	4	1	9	1	0	0.046875	37748736	1.970176	1.804288	2.080768
mha4	8	0	9	0	70	0.09375	37748736	1.794240	2.046976	1.918976
mha4	8	1	9	1	0	0.046875	75497472	2.077696	2.270272	2.164736
mha4	16	0	9	0	61	0.09375	75497472	2.010080	3.066944	2.076672
mha4	16	1	9	1	0	0.046875	150994944	2.357248	3.286016	2.420672
gqa2	1	0	9	1	0	0.03125	0	0.512864	0.515072	0.552960
gqa2	1	1	9	1	0	0.03125	0	0.508928	0.514944	0.559104
gqa2	2	0	9	0	2	0.09375	4194304	1.070080	1.070080	1.116160
gqa2	2	1	9	1	0	0.03125	8388608	1.148928	1.147904	1.205248
gqa2	4	0	9	0	1	0.0625	8388608	0.980800	0.891904	1.035264
gqa2	4	1	9	1	0	0.03125	16777216	1.080320	0.991232	1.133568
gqa2	8	0	9	1	0	0.0625	16777216	0.987136	1.121088	1.039200
gqa2	8	1	9	1	0	0.03125	33554432	1.108992	1.218720	1.148928
gqa2	16	0	9	0	3	0.09375	33554432	1.072128	1.662976	1.113088
mha4	1	0	10	1	0	0.03125	0	1.127360	1.135552	1.195008
mha4	1	1	10	1	0	0.03125	0	1.077248	1.080320	1.205248
mha4	2	0	10	0	57	0.078125	9437184	2.263040	2.262176	2.263040
mha4	2	1	10	1	0	0.046875	18874368	2.300832	2.296832	2.429952
mha4	4	0	10	0	69	0.078125	18874368	1.783808	1.632256	1.908608
mha4	4	1	10	1	0	0.046875	37748736	1.970176	1.807392	2.083712
mha4	8	0	10	0	70	0.09375	37748736	1.796096	2.047040	1.919872
mha4	8	1	10	1	0	0.046875	75497472	2.077600	2.269248	2.162688
mha4	16	0	10	0	61	0.09375	75497472	2.009088	3.069952	2.079744
mha4	16	1	10	1	0	0.046875	150994944	2.367488	3.296256	2.426880
gqa2	1	0	10	1	0	0.03125	0	0.512000	0.515136	0.553728
gqa2	1	1	10	1	0	0.03125	0	0.506080	0.514048	0.557056
gqa2	2	0	10	0	2	0.09375	4194304	1.070080	1.069984	1.117184
gqa2	2	1	10	1	0	0.03125	8388608	1.148928	1.146944	1.323008
gqa2	4	0	10	0	1	0.0625	8388608	0.979072	0.893952	1.033216
gqa2	4	1	10	1	0	0.03125	16777216	1.082368	0.991392	1.134592
gqa2	8	0	10	1	0	0.0625	16777216	0.986112	1.123328	1.039360
gqa2	8	1	10	1	0	0.03125	33554432	1.105952	1.218560	1.147904
gqa2	16	0	10	0	3	0.09375	33554432	1.068032	1.656832	1.106944
gqa2	16	1	10	1	0	0.03125	67108864	1.149952	1.630016	1.167360
mha4	1	1	11	1	0	0.03125	0	1.030144	1.032192	1.156096
mha4	2	0	11	0	57	0.078125	9437184	2.141184	2.143072	2.262976
mha4	2	1	11	1	0	0.046875	18874368	2.300928	2.295872	2.430976
mha4	4	0	11	0	69	0.078125	18874368	1.783584	1.632064	1.906688
mha4	4	1	11	1	0	0.046875	37748736	1.966080	1.803328	2.080768
mha4	8	0	11	0	70	0.09375	37748736	1.796096	2.045024	1.918976
mha4	8	1	11	1	0	0.046875	75497472	2.073600	2.269184	2.165760
mha4	16	0	11	0	61	0.09375	75497472	2.008928	3.067904	2.077696
mha4	16	1	11	1	0	0.046875	150994944	2.367488	3.290112	2.425856
gqa2	1	0	11	1	0	0.03125	0	0.512096	0.515072	0.552960
gqa2	1	1	11	1	0	0.03125	0	0.506688	0.514048	0.558080
gqa2	2	0	11	0	2	0.09375	4194304	1.070112	1.069952	1.116160
gqa2	2	1	11	1	0	0.03125	8388608	1.148928	1.147904	1.205248
gqa2	4	0	11	0	1	0.0625	8388608	0.893952	0.814112	0.945152
gqa2	4	1	11	1	0	0.03125	16777216	0.983040	0.900128	1.030144
gqa2	8	0	11	1	0	0.0625	16777216	0.898048	1.019904	0.949248
gqa2	8	1	11	1	0	0.03125	33554432	1.110912	1.224704	1.152000
gqa2	16	0	11	0	3	0.09375	33554432	1.072320	1.659904	1.112064
gqa2	16	1	11	1	0	0.03125	67108864	1.247232	1.769472	1.267712
mha4	1	0	11	1	0	0.03125	0	1.130496	1.136864	1.225536
mha4	2	0	12	0	57	0.078125	9437184	2.317312	2.319552	2.255872
mha4	2	1	12	1	0	0.046875	18874368	2.299904	2.296832	2.428928
mha4	4	0	12	0	69	0.078125	18874368	1.782784	1.632128	1.907552
mha4	4	1	12	1	0	0.046875	37748736	1.968128	1.806336	2.080992
mha4	8	0	12	0	70	0.09375	37748736	1.793024	2.045952	1.920000
mha4	8	1	12	1	0	0.046875	75497472	2.075648	2.266944	2.163712
mha4	16	0	12	0	61	0.09375	75497472	2.009024	3.067968	2.077696
mha4	16	1	12	1	0	0.046875	150994944	2.361344	3.287072	2.416640
gqa2	1	0	12	1	0	0.03125	0	0.512224	0.514112	0.552960
gqa2	1	1	12	1	0	0.03125	0	0.507904	0.514112	0.559104
gqa2	2	0	12	0	2	0.09375	4194304	1.070080	1.069152	1.116160
gqa2	2	1	12	1	0	0.03125	8388608	1.149856	1.147008	1.204224
gqa2	4	0	12	0	1	0.0625	8388608	0.978944	0.894144	1.033088
gqa2	4	1	12	1	0	0.03125	16777216	1.079136	0.988160	1.132512
gqa2	8	0	12	1	0	0.0625	16777216	0.942944	1.070048	0.994304
gqa2	8	1	12	1	0	0.03125	33554432	1.059840	1.167392	1.100864
gqa2	16	0	12	0	3	0.09375	33554432	1.022848	1.581184	1.057792
gqa2	16	1	12	1	0	0.03125	67108864	1.133568	1.608704	1.152000
mha4	1	0	12	1	0	0.03125	0	1.026048	1.033152	1.130496
mha4	1	1	12	1	0	0.03125	0	1.018880	1.028160	1.142784
mha4	2	1	13	1	0	0.046875	18874368	2.528128	2.523360	2.436096
mha4	4	0	13	0	69	0.078125	18874368	1.784832	1.632256	1.908544
mha4	4	1	13	1	0	0.046875	37748736	1.969152	1.804288	2.081792
mha4	8	0	13	0	70	0.09375	37748736	1.794048	2.044032	1.918976
mha4	8	1	13	1	0	0.046875	75497472	2.081792	2.272352	2.167808
mha4	16	0	13	0	61	0.09375	75497472	2.010336	3.067968	2.079520
mha4	16	1	13	1	0	0.046875	150994944	2.362368	3.290976	2.418688
gqa2	1	0	13	1	0	0.03125	0	0.513024	0.516032	0.553984
gqa2	1	1	13	1	0	0.03125	0	0.506880	0.514080	0.559104
gqa2	2	0	13	0	2	0.09375	4194304	1.070080	1.069888	1.116160
gqa2	2	1	13	1	0	0.03125	8388608	1.147904	1.146880	1.204224
gqa2	4	0	13	0	1	0.0625	8388608	0.979744	0.894144	1.034240
gqa2	4	1	13	1	0	0.03125	16777216	1.079456	0.991008	1.133568
gqa2	8	0	13	1	0	0.0625	16777216	0.965632	1.095680	1.014784
gqa2	8	1	13	1	0	0.03125	33554432	1.084416	1.191072	1.122304
gqa2	16	0	13	0	3	0.09375	33554432	1.049600	1.625088	1.088512
gqa2	16	1	13	1	0	0.03125	67108864	1.138656	1.615776	1.156096
mha4	1	0	13	1	0	0.03125	0	1.027168	1.031136	1.129344
mha4	1	1	13	1	0	0.03125	0	1.018688	1.028160	1.144832
mha4	2	0	13	0	57	0.078125	9437184	2.140160	2.142336	2.260992
mha4	4	0	14	0	69	0.078125	18874368	1.784736	1.632256	1.907712
mha4	4	1	14	1	0	0.046875	37748736	1.969152	1.807360	2.080768
mha4	8	0	14	0	70	0.09375	37748736	1.793024	2.046048	1.920000
mha4	8	1	14	1	0	0.046875	75497472	2.077920	2.270208	2.164576
mha4	16	0	14	0	61	0.09375	75497472	2.007840	3.067712	2.077696
mha4	16	1	14	1	0	0.046875	150994944	2.362368	3.290208	2.422016
gqa2	1	0	14	1	0	0.03125	0	0.512000	0.515072	0.554816
gqa2	1	1	14	1	0	0.03125	0	0.506976	0.514112	0.558080
gqa2	2	0	14	0	2	0.09375	4194304	1.069920	1.069056	1.116160
gqa2	2	1	14	1	0	0.03125	8388608	1.148992	1.147776	1.205248
gqa2	4	0	14	0	1	0.0625	8388608	0.892928	0.814048	0.946176
gqa2	4	1	14	1	0	0.03125	16777216	0.983040	0.899072	1.029120
gqa2	8	0	14	1	0	0.0625	16777216	0.899872	1.019904	0.952320
gqa2	8	1	14	1	0	0.03125	33554432	1.107968	1.217472	1.148928
gqa2	16	0	14	0	3	0.09375	33554432	1.071104	1.658080	1.112064
gqa2	16	1	14	1	0	0.03125	67108864	1.244256	1.766496	1.270784
mha4	1	0	14	1	0	0.03125	0	1.028096	1.032288	1.128448
mha4	1	1	14	1	0	0.03125	0	1.018912	1.028192	1.142720
mha4	2	0	14	0	57	0.078125	9437184	2.143232	2.143072	2.263040
mha4	2	1	14	1	0	0.046875	18874368	2.298880	2.297856	2.430976
mha4	4	1	15	1	0	0.046875	37748736	1.970048	1.806368	2.081568
mha4	8	0	15	0	70	0.09375	37748736	1.796000	2.045056	1.920000
mha4	8	1	15	1	0	0.046875	75497472	2.078720	2.271232	2.165760
mha4	16	0	15	0	61	0.09375	75497472	2.010016	3.070816	2.080704
mha4	16	1	15	1	0	0.046875	150994944	2.361344	3.292160	2.418688
gqa2	1	0	15	1	0	0.03125	0	0.511712	0.514144	0.552960
gqa2	1	1	15	1	0	0.03125	0	0.506880	0.514080	0.559104
gqa2	2	0	15	0	2	0.09375	4194304	1.070080	1.069056	1.117184
gqa2	2	1	15	1	0	0.03125	8388608	1.149792	1.146944	1.206048
gqa2	4	0	15	0	1	0.0625	8388608	0.979968	0.894976	1.034240
gqa2	4	1	15	1	0	0.03125	16777216	1.081120	0.991392	1.133568
gqa2	8	0	15	1	0	0.0625	16777216	0.986912	1.121280	1.038240
gqa2	8	1	15	1	0	0.03125	33554432	1.108896	1.214688	1.148928
gqa2	16	0	15	0	3	0.09375	33554432	1.071104	1.661952	1.112992
gqa2	16	1	15	1	0	0.03125	67108864	1.138688	1.615936	1.158144
mha4	1	0	15	1	0	0.03125	0	1.027072	1.031232	1.128448
mha4	1	1	15	1	0	0.03125	0	1.018976	1.028192	1.144832
mha4	2	0	15	0	57	0.078125	9437184	2.142208	2.142240	2.262016
mha4	2	1	15	1	0	0.046875	18874368	2.298848	2.295808	2.428704
mha4	4	0	15	0	69	0.078125	18874368	1.783648	1.632320	1.908736
mha4	8	0	16	0	70	0.09375	37748736	1.793024	2.045952	1.918976
mha4	8	1	16	1	0	0.046875	75497472	2.074624	2.269184	2.163552
mha4	16	0	16	0	61	0.09375	75497472	2.009088	3.067008	2.077472
mha4	16	1	16	1	0	0.046875	150994944	2.360320	3.291200	2.419712
gqa2	1	0	16	1	0	0.03125	0	0.512224	0.514848	0.552960
gqa2	1	1	16	1	0	0.03125	0	0.506880	0.514144	0.558080
gqa2	2	0	16	0	2	0.09375	4194304	1.070912	1.070016	1.116160
gqa2	2	1	16	1	0	0.03125	8388608	1.149952	1.146976	1.205248
gqa2	4	0	16	0	1	0.0625	8388608	0.893952	0.814080	0.944928
gqa2	4	1	16	1	0	0.03125	16777216	0.984000	0.899008	1.030144
gqa2	8	0	16	1	0	0.0625	16777216	0.899072	1.020000	0.950272
gqa2	8	1	16	1	0	0.03125	33554432	1.105920	1.219584	1.147904
gqa2	16	0	16	0	3	0.09375	33554432	1.070080	1.659904	1.111040
gqa2	16	1	16	1	0	0.03125	67108864	1.247232	1.769632	1.257472
mha4	1	0	16	1	0	0.03125	0	1.113088	1.127360	1.223680
mha4	1	1	16	1	0	0.03125	0	1.081344	1.084416	1.210368
mha4	2	0	16	0	57	0.078125	9437184	2.247680	2.244608	2.261984
mha4	2	1	16	1	0	0.046875	18874368	2.300096	2.296736	2.428896
mha4	4	0	16	0	69	0.078125	18874368	1.783808	1.632320	1.908736
mha4	4	1	16	1	0	0.046875	37748736	1.969152	1.804384	2.080768
mha4	8	1	17	1	0	0.046875	75497472	2.075648	2.270176	2.160640
mha4	16	0	17	0	61	0.09375	75497472	2.007936	3.067904	2.077696
mha4	16	1	17	1	0	0.046875	150994944	2.359296	3.290048	2.418688
gqa2	1	0	17	1	0	0.03125	0	0.512000	0.514176	0.553728
gqa2	1	1	17	1	0	0.03125	0	0.507008	0.515040	0.557088
gqa2	2	0	17	0	2	0.09375	4194304	1.070080	1.069920	1.117184
gqa2	2	1	17	1	0	0.03125	8388608	1.150848	1.148032	1.205344
gqa2	4	0	17	0	1	0.0625	8388608	0.980992	0.893952	1.033312
gqa2	4	1	17	1	0	0.03125	16777216	1.081280	0.991392	1.130592
gqa2	8	0	17	1	0	0.0625	16777216	0.986112	1.123168	1.039360
gqa2	8	1	17	1	0	0.03125	33554432	1.108992	1.219584	1.149728
gqa2	16	0	17	0	3	0.09375	33554432	1.072128	1.659904	1.111040
gqa2	16	1	17	1	0	0.03125	67108864	1.229824	1.745088	1.252224
mha4	1	0	17	1	0	0.03125	0	1.110976	1.125376	1.219360
mha4	1	1	17	1	0	0.03125	0	1.101824	1.118368	1.233824
mha4	2	0	17	0	57	0.078125	9437184	2.349056	2.339840	2.470912
mha4	2	1	17	1	0	0.046875	18874368	2.299904	2.296832	2.429792
mha4	4	0	17	0	69	0.078125	18874368	1.783808	1.631360	1.908736
mha4	4	1	17	1	0	0.046875	37748736	1.970272	1.805408	2.079744
mha4	8	0	17	0	70	0.09375	37748736	1.795040	2.046976	1.918976
mha4	16	0	18	0	61	0.09375	75497472	2.008064	3.068000	2.077696
mha4	16	1	18	1	0	0.046875	150994944	2.364640	3.290016	2.421760
gqa2	1	0	18	1	0	0.03125	0	0.513024	0.515008	0.552992
gqa2	1	1	18	1	0	0.03125	0	0.506880	0.514112	0.559104
gqa2	2	0	18	0	2	0.09375	4194304	1.069952	1.069056	1.116160
gqa2	2	1	18	1	0	0.03125	8388608	1.148928	1.146944	1.206080
gqa2	4	0	18	0	1	0.0625	8388608	0.893824	0.814880	0.946176
gqa2	4	1	18	1	0	0.03125	16777216	0.983040	0.898144	1.028096
gqa2	8	0	18	1	0	0.0625	16777216	0.898048	1.020928	0.950272
gqa2	8	1	18	1	0	0.03125	33554432	1.010944	1.111008	1.049600
gqa2	16	0	18	0	3	0.09375	33554432	1.072128	1.658880	1.110016
gqa2	16	1	18	1	0	0.03125	67108864	1.245152	1.769472	1.268640
mha4	1	0	18	1	0	0.03125	0	1.102848	1.112064	1.210368
mha4	1	1	18	1	0	0.03125	0	1.094656	1.108160	1.223680
mha4	2	0	18	0	57	0.078125	9437184	2.300928	2.184320	2.314240
mha4	2	1	18	1	0	0.046875	18874368	2.298880	2.295808	2.428832
mha4	4	0	18	0	69	0.078125	18874368	1.783808	1.632256	1.908736
mha4	4	1	18	1	0	0.046875	37748736	1.968128	1.805376	2.080768
mha4	8	0	18	0	70	0.09375	37748736	1.793024	2.044992	1.918976
mha4	8	1	18	1	0	0.046875	75497472	2.075648	2.267136	2.162688
mha4	16	1	19	1	0	0.046875	150994944	2.372544	3.294208	2.426944
gqa2	1	0	19	1	0	0.03125	0	0.511840	0.514112	0.552960
gqa2	1	1	19	1	0	0.03125	0	0.505856	0.513952	0.558080
gqa2	2	0	19	0	2	0.09375	4194304	1.071104	1.070080	1.116160
gqa2	2	1	19	1	0	0.03125	8388608	1.149952	1.147904	1.205248
gqa2	4	0	19	0	1	0.0625	8388608	0.979968	0.894944	1.034240
gqa2	4	1	19	1	0	0.03125	16777216	1.080320	0.988384	1.131520
gqa2	8	0	19	1	0	0.0625	16777216	0.933888	1.060000	0.985056
gqa2	8	1	19	1	0	0.03125	33554432	1.048576	1.157120	1.090560
gqa2	16	0	19	0	3	0.09375	33554432	1.011712	1.569792	1.048480
gqa2	16	1	19	1	0	0.03125	67108864	1.139456	1.611872	1.156096
mha4	1	0	19	1	0	0.03125	0	1.025888	1.032192	1.130496
mha4	1	1	19	1	0	0.03125	0	1.019936	1.028224	1.143680
mha4	2	0	19	0	57	0.078125	9437184	2.348032	2.342048	2.255872
mha4	2	1	19	1	0	0.046875	18874368	2.299904	2.296832	2.429952
mha4	4	0	19	0	69	0.078125	18874368	1.782784	1.633024	1.907712
mha4	4	1	19	1	0	0.046875	37748736	1.966880	1.804288	2.080544
mha4	8	0	19	0	70	0.09375	37748736	1.792000	2.043968	1.917952
mha4	8	1	19	1	0	0.046875	75497472	2.076672	2.267136	2.163712
mha4	16	0	19	0	61	0.09375	75497472	2.012064	3.066880	2.077600
gqa2	1	0	20	1	0	0.03125	0	0.512000	0.515136	0.553984
gqa2	1	1	20	1	0	0.03125	0	0.506880	0.513088	0.558080
gqa2	2	0	20	0	2	0.09375	4194304	1.071104	1.069120	1.116960
gqa2	2	1	20	1	0	0.03125	8388608	1.149952	1.147968	1.207296
gqa2	4	0	20	0	1	0.0625	8388608	0.976000	0.893120	1.035264
gqa2	4	1	20	1	0	0.03125	16777216	1.080320	0.989184	1.133568
gqa2	8	0	20	1	0	0.0625	16777216	0.988160	1.123136	1.038336
gqa2	8	1	20	1	0	0.03125	33554432	1.107968	1.221632	1.152064
gqa2	16	0	20	0	3	0.09375	33554432	1.073152	1.663168	1.110880
gqa2	16	1	20	1	0	0.03125	67108864	1.246208	1.769472	1.271808
mha4	1	0	20	1	0	0.03125	0	1.027904	1.032096	1.128384
mha4	1	1	20	1	0	0.03125	0	1.018880	1.027072	1.142688
mha4	2	0	20	0	57	0.078125	9437184	2.142432	2.142272	2.262880
mha4	2	1	20	1	0	0.046875	18874368	2.299712	2.297952	2.430976
mha4	4	0	20	0	69	0.078125	18874368	1.785824	1.632096	1.908928
mha4	4	1	20	1	0	0.046875	37748736	1.969152	1.807232	2.078720
mha4	8	0	20	0	70	0.09375	37748736	1.793248	2.046976	1.919840
mha4	8	1	20	1	0	0.046875	75497472	2.074624	2.269248	2.163712
mha4	16	0	20	0	61	0.09375	75497472	2.008064	3.067744	2.077600
mha4	16	1	20	1	0	0.046875	150994944	2.357248	3.287040	2.417664
gqa2	1	1	21	1	0	0.03125	0	0.510976	0.516064	0.560128
gqa2	2	0	21	0	2	0.09375	4194304	1.070880	1.070176	1.118208
gqa2	2	1	21	1	0	0.03125	8388608	1.149952	1.147968	1.204160
gqa2	4	0	21	0	1	0.0625	8388608	0.980768	0.891904	1.036512
gqa2	4	1	21	1	0	0.03125	16777216	1.080320	0.990208	1.131520
gqa2	8	0	21	1	0	0.0625	16777216	0.987136	1.120256	1.037312
gqa2	8	1	21	1	0	0.03125	33554432	1.109120	1.219744	1.149792
gqa2	16	0	21	0	3	0.09375	33554432	1.054688	1.638560	1.095520
gqa2	16	1	21	1	0	0.03125	67108864	1.230816	1.745056	1.254272
mha4	1	0	21	1	0	0.03125	0	1.067008	1.074304	1.173504
mha4	1	1	21	1	0	0.03125	0	1.059840	1.073152	1.187840
mha4	2	0	21	0	57	0.078125	9437184	2.225152	2.229248	2.344960
mha4	2	1	21	1	0	0.046875	18874368	2.299904	2.296928	2.429952
mha4	4	0	21	0	69	0.078125	18874368	1.783808	1.632256	1.908672
mha4	4	1	21	1	0	0.046875	37748736	1.968928	1.805312	2.081792
mha4	8	0	21	0	70	0.09375	37748736	1.795072	2.047040	1.920000
mha4	8	1	21	1	0	0.046875	75497472	2.074560	2.266976	2.162688
mha4	16	0	21	0	61	0.09375	75497472	2.011136	3.068768	2.077696
mha4	16	1	21	1	0	0.046875	150994944	2.373728	3.297408	2.427904
gqa2	1	0	21	1	0	0.03125	0	0.510976	0.514144	0.552960
gqa2	2	0	22	0	2	0.09375	4194304	1.070176	1.069056	1.116160
gqa2	2	1	22	1	0	0.03125	8388608	1.147904	1.147904	1.205248
gqa2	4	0	22	0	1	0.0625	8388608	0.893696	0.814176	0.945920
gqa2	4	1	22	1	0	0.03125	16777216	1.079296	0.992416	1.132544
gqa2	8	0	22	1	0	0.0625	16777216	0.986112	1.121280	1.038336
gqa2	8	1	22	1	0	0.03125	33554432	1.106944	1.218560	1.147904
gqa2	16	0	22	0	3	0.09375	33554432	1.072128	1.661120	1.111136
gqa2	16	1	22	1	0	0.03125	67108864	1.156096	1.643360	1.177600
mha4	1	0	22	1	0	0.03125	0	1.042432	1.057632	1.149952
mha4	1	1	22	1	0	0.03125	0	1.036288	1.040384	1.160128
mha4	2	0	22	0	57	0.078125	9437184	2.163712	2.148480	2.262976
mha4	2	1	22	1	0	0.046875	18874368	2.299904	2.296704	2.429952
mha4	4	0	22	0	69	0.078125	18874368	1.783808	1.631328	1.907712
mha4	4	1	22	1	0	0.046875	37748736	1.967200	1.806400	2.081536
mha4	8	0	22	0	70	0.09375	37748736	1.794048	2.046016	1.920832
mha4	8	1	22	1	0	0.046875	75497472	2.079712	2.274304	2.166752
mha4	16	0	22	0	61	0.09375	75497472	2.009024	3.067648	2.076896
mha4	16	1	22	1	0	0.046875	150994944	2.372416	3.296096	2.426880
gqa2	1	0	22	1	0	0.03125	0	0.512000	0.516064	0.553984
gqa2	1	1	22	1	0	0.03125	0	0.506976	0.513984	0.557056
gqa2	2	1	23	1	0	0.03125	8388608	1.148672	1.147904	1.205344
gqa2	4	0	23	0	1	0.0625	8388608	0.893824	0.814080	0.946176
gqa2	4	1	23	1	0	0.03125	16777216	1.080320	0.991424	1.132544
gqa2	8	0	23	1	0	0.0625	16777216	0.933888	1.060768	0.984928
gqa2	8	1	23	1	0	0.03125	33554432	1.048416	1.155168	1.090528
gqa2	16	0	23	0	3	0.09375	33554432	1.013760	1.570848	1.048576
gqa2	16	1	23	1	0	0.03125	67108864	1.144960	1.622112	1.161440
mha4	1	0	23	1	0	0.03125	0	1.033216	1.034336	1.136640
mha4	1	1	23	1	0	0.03125	0	1.024064	1.028224	1.148928
mha4	2	0	23	0	57	0.078125	9437184	2.351104	2.339840	2.254016
mha4	2	1	23	1	0	0.046875	18874368	2.297856	2.296576	2.428928
mha4	4	0	23	0	69	0.078125	18874368	1.781888	1.632256	1.908736
mha4	4	1	23	1	0	0.046875	37748736	1.970176	1.806400	2.080768
mha4	8	0	23	0	70	0.09375	37748736	1.793888	2.046016	1.917952
mha4	8	1	23	1	0	0.046875	75497472	2.082816	2.277376	2.169856
mha4	16	0	23	0	61	0.09375	75497472	2.009888	3.066944	2.077696
mha4	16	1	23	1	0	0.046875	150994944	2.362368	3.295328	2.422784
gqa2	1	0	23	1	0	0.03125	0	0.513024	0.515168	0.555008
gqa2	1	1	23	1	0	0.03125	0	0.507904	0.515008	0.560128
gqa2	2	0	23	0	2	0.09375	4194304	1.072128	1.069152	1.118208
gqa2	4	0	24	0	1	0.0625	8388608	0.894848	0.814080	0.946176
gqa2	4	1	24	1	0	0.03125	16777216	1.080384	0.991168	1.131520
gqa2	8	0	24	1	0	0.0625	16777216	0.983040	1.117184	1.033216
gqa2	8	1	24	1	0	0.03125	33554432	1.103872	1.214464	1.141760
gqa2	16	0	24	0	3	0.09375	33554432	1.068032	1.653984	1.105920
gqa2	16	1	24	1	0	0.03125	67108864	1.242112	1.769696	1.265664
mha4	1	0	24	1	0	0.03125	0	1.080160	1.085440	1.187872
mha4	1	1	24	1	0	0.03125	0	1.071104	1.079424	1.201184
mha4	2	0	24	0	57	0.078125	9437184	2.250752	2.244608	2.374656
mha4	2	1	24	1	0	0.046875	18874368	2.305024	2.300032	2.434048
mha4	4	0	24	0	69	0.078125	18874368	1.784832	1.633344	1.910784
mha4	4	1	24	1	0	0.046875	37748736	1.972224	1.810368	2.083904
mha4	8	0	24	0	70	0.09375	37748736	1.794048	2.045024	1.921024
mha4	8	1	24	1	0	0.046875	75497472	2.077696	2.270272	2.164736
mha4	16	0	24	0	61	0.09375	75497472	2.014208	3.072000	2.079744
mha4	16	1	24	1	0	0.046875	150994944	2.378752	3.301376	2.431904
gqa2	1	0	24	1	0	0.03125	0	0.512000	0.515072	0.555008
gqa2	1	1	24	1	0	0.03125	0	0.506880	0.514048	0.560896
gqa2	2	0	24	0	2	0.09375	4194304	1.072128	1.070080	1.119232
gqa2	2	1	24	1	0	0.03125	8388608	1.152864	1.149952	1.322784
gqa2	4	1	25	1	0	0.03125	16777216	1.079488	0.991392	1.132544
gqa2	8	0	25	1	0	0.0625	16777216	0.986112	1.123456	1.037440
gqa2	8	1	25	1	0	0.03125	33554432	1.108992	1.219584	1.148928
gqa2	16	0	25	0	3	0.09375	33554432	1.071104	1.660736	1.114112
gqa2	16	1	25	1	0	0.03125	67108864	1.242944	1.765568	1.261568
mha4	1	0	25	1	0	0.03125	0	1.127648	1.135776	1.207296
mha4	1	1	25	1	0	0.03125	0	1.087680	1.094592	1.197024
mha4	2	0	25	0	57	0.078125	9437184	2.252800	2.244736	2.266112
mha4	2	1	25	1	0	0.046875	18874368	2.304192	2.298944	2.434976
mha4	4	0	25	0	69	0.078125	18874368	1.786848	1.633376	1.911552
mha4	4	1	25	1	0	0.046875	37748736	1.971136	1.808384	2.083840
mha4	8	0	25	0	70	0.09375	37748736	1.795072	2.047936	1.921024
mha4	8	1	25	1	0	0.046875	75497472	2.077664	2.271296	2.166784
mha4	16	0	25	0	61	0.09375	75497472	2.009088	3.069952	2.078720
mha4	16	1	25	1	0	0.046875	150994944	2.363264	3.295200	2.405152
gqa2	1	0	25	1	0	0.03125	0	0.515072	0.516064	0.556032
gqa2	1	1	25	1	0	0.03125	0	0.507904	0.514048	0.557888
gqa2	2	0	25	0	2	0.09375	4194304	1.070336	1.069056	1.117184
gqa2	2	1	25	1	0	0.03125	8388608	1.150976	1.149888	1.207136
gqa2	4	0	25	0	1	0.0625	8388608	0.893952	0.813952	0.947072
gqa2	8	0	26	1	0	0.0625	16777216	0.899072	1.019904	0.952320
gqa2	8	1	26	1	0	0.03125	33554432	1.010720	1.113888	1.051424
gqa2	16	0	26	0	3	0.09375	33554432	0.977920	1.510464	1.006592
gqa2	16	1	26	1	0	0.03125	67108864	1.221376	1.770496	1.271616
mha4	1	0	26	1	0	0.03125	0	1.128448	1.132768	1.236992
mha4	1	1	26	1	0	0.03125	0	1.120320	1.127584	1.253376
mha4	2	0	26	0	57	0.078125	9437184	2.349056	2.343936	2.480128
mha4	2	1	26	1	0	0.046875	18874368	2.301952	2.298752	2.434016
mha4	4	0	26	0	69	0.078125	18874368	1.786880	1.632256	1.911776
mha4	4	1	26	1	0	0.046875	37748736	1.970176	1.809408	2.082816
mha4	8	0	26	0	70	0.09375	37748736	1.794048	2.047840	1.920000
mha4	8	1	26	1	0	0.046875	75497472	2.079744	2.273280	2.165760
mha4	16	0	26	0	61	0.09375	75497472	2.012160	3.070976	2.078720
mha4	16	1	26	1	0	0.046875	150994944	2.368512	3.298304	2.425792
gqa2	1	0	26	1	0	0.03125	0	0.513024	0.514912	0.553984
gqa2	1	1	26	1	0	0.03125	0	0.507904	0.514112	0.559104
gqa2	2	0	26	0	2	0.09375	4194304	1.072256	1.069120	1.118208
gqa2	2	1	26	1	0	0.03125	8388608	1.152000	1.148928	1.207296
gqa2	4	0	26	0	1	0.0625	8388608	0.893952	0.814176	0.948224
gqa2	4	1	26	1	0	0.03125	16777216	0.984064	0.900192	1.030144
gqa2	8	1	27	1	0	0.03125	33554432	1.010752	1.114048	1.049632
gqa2	16	0	27	0	3	0.09375	33554432	0.976896	1.512544	1.006592
gqa2	16	1	27	1	0	0.03125	67108864	1.135616	1.611872	1.155072
mha4	1	0	27	1	0	0.03125	0	1.029120	1.032192	1.130496
mha4	1	1	27	1	0	0.03125	0	1.019904	1.029120	1.143808
mha4	2	0	27	0	57	0.078125	9437184	2.349056	2.339008	2.257920
mha4	2	1	27	1	0	0.046875	18874368	2.300928	2.297952	2.434880
mha4	4	0	27	0	69	0.078125	18874368	1.786880	1.632320	1.910784
mha4	4	1	27	1	0	0.046875	37748736	1.973120	1.809216	2.083840
mha4	8	0	27	0	70	0.09375	37748736	1.795200	2.047040	1.919872
mha4	8	1	27	1	0	0.046875	75497472	2.080608	2.269216	2.165664
mha4	16	0	27	0	61	0.09375	75497472	2.011136	3.071904	2.079744
mha4	16	1	27	1	0	0.046875	150994944	2.369280	3.296256	2.424832
gqa2	1	0	27	1	0	0.03125	0	0.512000	0.514048	0.553984
gqa2	1	1	27	1	0	0.03125	0	0.507680	0.514048	0.559104
gqa2	2	0	27	0	2	0.09375	4194304	1.072128	1.070080	1.118208
gqa2	2	1	27	1	0	0.03125	8388608	1.152000	1.148864	1.207072
gqa2	4	0	27	0	1	0.0625	8388608	0.979968	0.894976	1.033216
gqa2	4	1	27	1	0	0.03125	16777216	1.079200	0.988320	1.131520
gqa2	8	0	27	1	0	0.0625	16777216	0.949248	1.077248	0.996352
gqa2	16	0	28	0	3	0.09375	33554432	1.032192	1.599680	1.069056
gqa2	16	1	28	1	0	0.03125	67108864	1.201152	1.705920	1.221632
mha4	1	0	28	1	0	0.03125	0	1.028096	1.032192	1.130496
mha4	1	1	28	1	0	0.03125	0	1.020928	1.027072	1.145600
mha4	2	0	28	0	57	0.078125	9437184	2.146304	2.143360	2.264864
mha4	2	1	28	1	0	0.046875	18874368	2.304864	2.298880	2.434048
mha4	4	0	28	0	69	0.078125	18874368	1.788928	1.634304	1.911584
mha4	4	1	28	1	0	0.046875	37748736	1.974048	1.808416	2.082816
mha4	8	0	28	0	70	0.09375	37748736	1.795072	2.048000	1.920768
mha4	8	1	28	1	0	0.046875	75497472	2.079648	2.270272	2.165728
mha4	16	0	28	0	61	0.09375	75497472	2.011136	3.069952	2.078720
mha4	16	1	28	1	0	0.046875	150994944	2.372800	3.299328	2.428928
gqa2	1	0	28	1	0	0.03125	0	0.512000	0.515072	0.555008
gqa2	1	1	28	1	0	0.03125	0	0.506880	0.514048	0.559904
gqa2	2	0	28	0	2	0.09375	4194304	1.072128	1.069056	1.118208
gqa2	2	1	28	1	0	0.03125	8388608	1.152832	1.150080	1.206400
gqa2	4	0	28	0	1	0.0625	8388608	0.979968	0.894976	1.034240
gqa2	4	1	28	1	0	0.03125	16777216	1.079296	0.990368	1.132544
gqa2	8	0	28	1	0	0.0625	16777216	0.986112	1.121024	1.038336
gqa2	8	1	28	1	0	0.03125	33554432	1.108992	1.218560	1.148928
gqa2	16	1	29	1	0	0.03125	67108864	1.242144	1.766272	1.263616
mha4	1	0	29	1	0	0.03125	0	1.126400	1.134592	1.200128
mha4	1	1	29	1	0	0.03125	0	1.081344	1.085536	1.209344
mha4	2	0	29	0	57	0.078125	9437184	2.239360	2.240640	2.270208
mha4	2	1	29	1	0	0.046875	18874368	2.305024	2.299904	2.434048
mha4	4	0	29	0	69	0.078125	18874368	1.788704	1.633344	1.910784
mha4	4	1	29	1	0	0.046875	37748736	1.974272	1.809472	2.083648
mha4	8	0	29	0	70	0.09375	37748736	1.795072	2.048960	1.921024
mha4	8	1	29	1	0	0.046875	75497472	2.080704	2.273280	2.167808
mha4	16	0	29	0	61	0.09375	75497472	2.013184	3.070080	2.080768
mha4	16	1	29	1	0	0.046875	150994944	2.374656	3.300352	2.427904
gqa2	1	0	29	1	0	0.03125	0	0.512000	0.515168	0.555008
gqa2	1	1	29	1	0	0.03125	0	0.507776	0.514048	0.558112
gqa2	2	0	29	0	2	0.09375	4194304	1.072032	1.070048	1.119232
gqa2	2	1	29	1	0	0.03125	8388608	1.152000	1.149952	1.207456
gqa2	4	0	29	0	1	0.0625	8388608	0.981088	0.894976	1.034240
gqa2	4	1	29	1	0	0.03125	16777216	1.081344	0.991392	1.133568
gqa2	8	0	29	1	0	0.0625	16777216	0.987136	1.123328	1.038336
gqa2	8	1	29	1	0	0.03125	33554432	1.110016	1.220608	1.149952
gqa2	16	0	29	0	3	0.09375	33554432	1.047552	1.620992	1.086464
mha4	1	0	30	1	0	0.03125	0	1.101664	1.114016	1.203200
mha4	1	1	30	1	0	0.03125	0	1.080320	1.084384	1.210368
mha4	2	0	30	0	57	0.078125	9437184	2.179072	2.178208	2.265056
mha4	2	1	30	1	0	0.046875	18874368	2.303040	2.299968	2.436096
mha4	4	0	30	0	69	0.078125	18874368	1.786880	1.633280	1.911808
mha4	4	1	30	1	0	0.046875	37748736	1.971168	1.807360	2.082816
mha4	8	0	30	0	70	0.09375	37748736	1.795904	2.047072	1.921984
mha4	8	1	30	1	0	0.046875	75497472	2.079744	2.275328	2.165760
mha4	16	0	30	0	61	0.09375	75497472	2.011072	3.068032	2.079872
mha4	16	1	30	1	0	0.046875	150994944	2.360320	3.295232	2.418688
gqa2	1	0	30	1	0	0.03125	0	0.512000	0.515072	0.553984
gqa2	1	1	30	1	0	0.03125	0	0.507872	0.514112	0.559136
gqa2	2	0	30	0	2	0.09375	4194304	1.073152	1.071136	1.119232
gqa2	2	1	30	1	0	0.03125	8388608	1.150976	1.148928	1.208320
gqa2	4	0	30	0	1	0.0625	8388608	0.979072	0.894976	1.034240
gqa2	4	1	30	1	0	0.03125	16777216	1.082368	0.990368	1.132544
gqa2	8	0	30	1	0	0.0625	16777216	0.987136	1.121504	1.038336
gqa2	8	1	30	1	0	0.03125	33554432	1.107744	1.216640	1.146880
gqa2	16	0	30	0	3	0.09375	33554432	1.070080	1.660064	1.111040
gqa2	16	1	30	1	0	0.03125	67108864	1.144960	1.626112	1.163264
mha4	1	1	31	1	0	0.03125	0	1.028864	1.033216	1.156096
mha4	2	0	31	0	57	0.078125	9437184	2.153472	2.143360	2.269216
mha4	2	1	31	1	0	0.046875	18874368	2.301952	2.298880	2.433024
mha4	4	0	31	0	69	0.078125	18874368	1.785888	1.633280	1.912832
mha4	4	1	31	1	0	0.046875	37748736	1.971200	1.809312	2.081792
mha4	8	0	31	0	70	0.09375	37748736	1.795072	2.047072	1.920096
mha4	8	1	31	1	0	0.046875	75497472	2.079744	2.269184	2.167808
mha4	16	0	31	0	61	0.09375	75497472	2.013184	3.073120	2.080768
mha4	16	1	31	1	0	0.046875	150994944	2.360544	3.293184	2.420736
gqa2	1	0	31	1	0	0.03125	0	0.512000	0.516096	0.553984
gqa2	1	1	31	1	0	0.03125	0	0.507904	0.515072	0.563200
gqa2	2	0	31	0	2	0.09375	4194304	1.073152	1.070080	1.118080
gqa2	2	1	31	1	0	0.03125	8388608	1.152000	1.148928	1.321856
gqa2	4	0	31	0	1	0.0625	8388608	0.980992	0.896000	1.035104
gqa2	4	1	31	1	0	0.03125	16777216	1.081344	0.992256	1.133568
gqa2	8	0	31	1	0	0.0625	16777216	0.987136	1.122496	1.039360
gqa2	8	1	31	1	0	0.03125	33554432	1.108992	1.217696	1.149056
gqa2	16	0	31	0	3	0.09375	33554432	1.070976	1.661952	1.112064
gqa2	16	1	31	1	0	0.03125	67108864	1.248256	1.770368	1.197056
mha4	1	0	31	1	0	0.03125	0	1.060864	1.070080	1.168384
mha4	2	0	32	0	57	0.078125	9437184	2.212864	2.197600	2.265088
mha4	2	1	32	1	0	0.046875	18874368	2.302976	2.300928	2.432000
mha4	4	0	32	0	69	0.078125	18874368	1.784832	1.633280	1.910624
mha4	4	1	32	1	0	0.046875	37748736	1.973248	1.809472	2.083808
mha4	8	0	32	0	70	0.09375	37748736	1.796064	2.046016	1.919008
mha4	8	1	32	1	0	0.046875	75497472	2.078720	2.271328	2.164736
mha4	16	0	32	0	61	0.09375	75497472	2.012160	3.070976	2.079648
mha4	16	1	32	1	0	0.046875	150994944	2.375680	3.298368	2.429952
gqa2	1	0	32	1	0	0.03125	0	0.513024	0.516128	0.555008
gqa2	1	1	32	1	0	0.03125	0	0.507872	0.514144	0.560128
gqa2	2	0	32	0	2	0.09375	4194304	1.071104	1.069056	1.118208
gqa2	2	1	32	1	0	0.03125	8388608	1.151744	1.149952	1.207328
gqa2	4	0	32	0	1	0.0625	8388608	0.980992	0.896192	1.034432
gqa2	4	1	32	1	0	0.03125	16777216	1.080320	0.991392	1.133568
gqa2	8	0	32	1	0	0.0625	16777216	0.987008	1.119232	1.042336
gqa2	8	1	32	1	0	0.03125	33554432	1.110016	1.219744	1.148928
gqa2	16	0	32	0	3	0.09375	33554432	0.996352	1.544960	1.029984
gqa2	16	1	32	1	0	0.03125	67108864	1.162112	1.650784	1.182720
mha4	1	0	32	1	0	0.03125	0	1.027072	1.031168	1.131520
mha4	1	1	32	1	0	0.03125	0	1.020704	1.028192	1.143808
mha4	2	1	33	1	0	0.046875	18874368	2.303104	2.298912	2.433920
mha4	4	0	33	0	69	0.078125	18874368	1.787904	1.633376	1.911808
mha4	4	1	33	1	0	0.046875	37748736	1.972224	1.809312	2.080768
mha4	8	0	33	0	70	0.09375	37748736	1.797120	2.048960	1.921120
mha4	8	1	33	1	0	0.046875	75497472	2.081792	2.272192	2.167712
mha4	16	0	33	0	61	0.09375	75497472	2.009088	3.067904	2.078720
mha4	16	1	33	1	0	0.046875	150994944	2.361472	3.289184	2.421760
gqa2	1	0	33	1	0	0.03125	0	0.512000	0.515936	0.555904
gqa2	1	1	33	1	0	0.03125	0	0.507904	0.514112	0.559168
gqa2	2	0	33	0	2	0.09375	4194304	1.071872	1.071104	1.118208
gqa2	2	1	33	1	0	0.03125	8388608	1.150752	1.149984	1.208320
gqa2	4	0	33	0	1	0.0625	8388608	0.896000	0.815072	0.947200
gqa2	4	1	33	1	0	0.03125	16777216	0.985088	0.901248	1.030144
gqa2	8	0	33	1	0	0.0625	16777216	0.900096	1.021024	0.951296
gqa2	8	1	33	1	0	0.03125	33554432	1.013568	1.114112	1.150976
gqa2	16	0	33	0	3	0.09375	33554432	1.071104	1.661120	1.111904
gqa2	16	1	33	1	0	0.03125	67108864	1.245184	1.769472	1.266688
mha4	1	0	33	1	0	0.03125	0	1.029952	1.034240	1.131520
mha4	1	1	33	1	0	0.03125	0	1.019712	1.028992	1.143808
mha4	2	0	33	0	57	0.078125	9437184	2.144256	2.142336	2.264160
mha4	4	0	34	0	69	0.078125	18874368	1.787904	1.633216	1.910784
mha4	4	1	34	1	0	0.046875	37748736	1.970176	1.809248	2.082816
mha4	8	0	34	0	70	0.09375	37748736	1.796128	2.048000	1.920064
mha4	8	1	34	1	0	0.046875	75497472	2.081792	2.271200	2.165760
mha4	16	0	34	0	61	0.09375	75497472	2.010112	3.068032	2.076672
mha4	16	1	34	1	0	0.046875	150994944	2.367392	3.293184	2.418688
gqa2	1	0	34	1	0	0.03125	0	0.512000	0.515136	0.554176
gqa2	1	1	34	1	0	0.03125	0	0.507904	0.514048	0.559104
gqa2	2	0	34	0	2	0.09375	4194304	1.071104	1.069152	1.118208
gqa2	2	1	34	1	0	0.03125	8388608	1.150976	1.149952	1.207296
gqa2	4	0	34	0	1	0.0625	8388608	0.893792	0.814080	0.947136
gqa2	4	1	34	1	0	0.03125	16777216	0.983936	0.900096	1.029120
gqa2	8	0	34	1	0	0.0625	16777216	0.900096	1.020992	0.952320
gqa2	8	1	34	1	0	0.03125	33554432	1.019904	1.115136	1.051648
gqa2	16	0	34	0	3	0.09375	33554432	1.073152	1.663904	1.111968
gqa2	16	1	34	1	0	0.03125	67108864	1.246208	1.769408	1.267712
mha4	1	0	34	1	0	0.03125	0	1.089536	1.103872	1.198080
mha4	1	1	34	1	0	0.03125	0	1.081280	1.084352	1.211488
mha4	2	0	34	0	57	0.078125	9437184	2.272064	2.276352	2.392064
mha4	2	1	34	1	0	0.046875	18874368	2.302816	2.299904	2.433024
mha4	4	1	35	1	0	0.046875	37748736	1.971200	1.807424	2.084864
mha4	8	0	35	0	70	0.09375	37748736	1.797120	2.047776	1.921024
mha4	8	1	35	1	0	0.046875	75497472	2.079744	2.269280	2.165760
mha4	16	0	35	0	61	0.09375	75497472	2.012064	3.068928	2.078720
mha4	16	1	35	1	0	0.046875	150994944	2.364416	3.295008	2.425856
gqa2	1	0	35	1	0	0.03125	0	0.512000	0.515072	0.555968
gqa2	1	1	35	1	0	0.03125	0	0.507904	0.514112	0.560000
gqa2	2	0	35	0	2	0.09375	4194304	1.072128	1.069952	1.118208
gqa2	2	1	35	1	0	0.03125	8388608	1.150976	1.149952	1.207296
gqa2	4	0	35	0	1	0.0625	8388608	0.893952	0.814080	0.947136
gqa2	4	1	35	1	0	0.03125	16777216	0.984928	0.901216	1.029120
gqa2	8	0	35	1	0	0.0625	16777216	0.901120	1.021024	0.951296
gqa2	8	1	35	1	0	0.03125	33554432	1.012736	1.114240	1.050624
gqa2	16	0	35	0	3	0.09375	33554432	0.979008	1.514432	1.007616
gqa2	16	1	35	1	0	0.03125	67108864	1.140640	1.615872	1.156032
mha4	1	0	35	1	0	0.03125	0	1.028096	1.032992	1.132544
mha4	1	1	35	1	0	0.03125	0	1.021952	1.027168	1.144640
mha4	2	0	35	0	57	0.078125	9437184	2.145120	2.143232	2.265088
mha4	2	1	35	1	0	0.046875	18874368	2.302976	2.298976	2.432064
mha4	4	0	35	0	69	0.078125	18874368	1.788928	1.632320	1.910720
mha4	8	0	36	0	70	0.09375	37748736	1.796032	2.047040	1.918976
mha4	8	1	36	1	0	0.046875	75497472	2.078720	2.272256	2.167648
mha4	16	0	36	0	61	0.09375	75497472	2.011136	3.067968	2.078720
mha4	16	1	36	1	0	0.046875	150994944	2.365440	3.293280	2.420992
gqa2	1	0	36	1	0	0.03125	0	0.512864	0.515136	0.553984
gqa2	1	1	36	1	0	0.03125	0	0.508672	0.514048	0.559072
gqa2	2	0	36	0	2	0.09375	4194304	1.072128	1.069888	1.119232
gqa2	2	1	36	1	0	0.03125	8388608	1.150976	1.149760	1.208320
gqa2	4	0	36	0	1	0.0625	8388608	0.980992	0.892160	1.036288
gqa2	4	1	36	1	0	0.03125	16777216	1.079296	0.990400	1.132544
gqa2	8	0	36	1	0	0.0625	16777216	0.987936	1.123328	1.037312
gqa2	8	1	36	1	0	0.03125	33554432	1.107968	1.218688	1.148928
gqa2	16	0	36	0	3	0.09375	33554432	1.071104	1.660736	1.111040
gqa2	16	1	36	1	0	0.03125	67108864	1.145856	1.623136	1.161312
mha4	1	0	36	1	0	0.03125	0	1.034176	1.034336	1.135616
mha4	1	1	36	1	0	0.03125	0	1.026912	1.031104	1.149952
mha4	2	0	36	0	57	0.078125	9437184	2.351104	2.340960	2.260992
mha4	2	1	36	1	0	0.046875	18874368	2.302880	2.299904	2.432000
mha4	4	0	36	0	69	0.078125	18874368	1.785856	1.633280	1.910624
mha4	4	1	36	1	0	0.046875	37748736	1.972224	1.808384	2.083840
mha4	8	1	37	1	0	0.046875	75497472	2.080768	2.270208	2.164736
mha4	16	0	37	0	61	0.09375	75497472	2.013344	3.070016	2.079616
mha4	16	1	37	1	0	0.046875	150994944	2.367488	3.294208	2.426848
gqa2	1	0	37	1	0	0.03125	0	0.512000	0.515936	0.553984
gqa2	1	1	37	1	0	0.03125	0	0.506880	0.515072	0.559904
gqa2	2	0	37	0	2	0.09375	4194304	1.071104	1.069984	1.119040
gqa2	2	1	37	1	0	0.03125	8388608	1.152000	1.150752	1.209312
gqa2	4	0	37	0	1	0.0625	8388608	0.979968	0.892928	1.036288
gqa2	4	1	37	1	0	0.03125	16777216	1.082368	0.993440	1.136640
gqa2	8	0	37	1	0	0.0625	16777216	0.986112	1.122304	1.039360
gqa2	8	1	37	1	0	0.03125	33554432	1.110816	1.221856	1.148096
gqa2	16	0	37	0	3	0.09375	33554432	1.052672	1.633440	1.091584
gqa2	16	1	37	1	0	0.03125	67108864	1.221632	1.735840	1.243136
mha4	1	0	37	1	0	0.03125	0	1.054720	1.066112	1.161216
mha4	1	1	37	1	0	0.03125	0	1.046528	1.062912	1.174432
mha4	2	0	37	0	57	0.078125	9437184	2.202752	2.185376	2.264320
mha4	2	1	37	1	0	0.046875	18874368	2.302976	2.297856	2.432000
mha4	4	0	37	0	69	0.078125	18874368	1.786048	1.633280	1.910784
mha4	4	1	37	1	0	0.046875	37748736	1.973248	1.808384	2.080768
mha4	8	0	37	0	70	0.09375	37748736	1.796096	2.047776	1.920768
mha4	16	0	38	0	61	0.09375	75497472	2.009088	3.069952	2.078592
mha4	16	1	38	1	0	0.046875	150994944	2.362112	3.290240	2.416640
gqa2	1	0	38	1	0	0.03125	0	0.513024	0.514176	0.554976
gqa2	1	1	38	1	0	0.03125	0	0.506880	0.514048	0.560128
gqa2	2	0	38	0	2	0.09375	4194304	1.072128	1.070080	1.118208
gqa2	2	1	38	1	0	0.03125	8388608	1.150976	1.150048	1.207136
gqa2	4	0	38	0	1	0.0625	8388608	0.894976	0.813184	0.947200
gqa2	4	1	38	1	0	0.03125	16777216	0.983904	0.901216	1.030016
gqa2	8	0	38	1	0	0.0625	16777216	0.900096	1.020928	0.951296
gqa2	8	1	38	1	0	0.03125	33554432	1.108992	1.217728	1.148928
gqa2	16	0	38	0	3	0.09375	33554432	1.070080	1.659904	1.111040
gqa2	16	1	38	1	0	0.03125	67108864	1.238976	1.765376	1.257472
mha4	1	0	38	1	0	0.03125	0	1.028992	1.032256	1.131424
mha4	1	1	38	1	0	0.03125	0	1.020928	1.027136	1.144832
mha4	2	0	38	0	57	0.078125	9437184	2.146304	2.143328	2.265088
mha4	2	1	38	1	0	0.046875	18874368	2.302912	2.299904	2.434048
mha4	4	0	38	0	69	0.078125	18874368	1.785824	1.633184	1.910784
mha4	4	1	38	1	0	0.046875	37748736	1.972224	1.807360	2.080768
mha4	8	0	38	0	70	0.09375	37748736	1.797184	2.046976	1.920000
mha4	8	1	38	1	0	0.046875	75497472	2.083840	2.278400	2.169856
mha4	16	1	39	1	0	0.046875	150994944	2.360224	3.291264	2.416640
gqa2	1	0	39	1	0	0.03125	0	0.512000	0.515072	0.553952
gqa2	1	1	39	1	0	0.03125	0	0.507104	0.514048	0.559104
gqa2	2	0	39	0	2	0.09375	4194304	1.071104	1.071104	1.117184
gqa2	2	1	39	1	0	0.03125	8388608	1.152000	1.148960	1.207424
gqa2	4	0	39	0	1	0.0625	8388608	0.970752	0.890880	1.023744
gqa2	4	1	39	1	0	0.03125	16777216	1.081088	0.990208	1.133504
gqa2	8	0	39	1	0	0.0625	16777216	0.985888	1.121280	1.038336
gqa2	8	1	39	1	0	0.03125	33554432	1.107968	1.219552	1.149792
gqa2	16	0	39	0	3	0.09375	33554432	1.046528	1.620160	1.086464
gqa2	16	1	39	1	0	0.03125	67108864	1.220608	1.727488	1.240064
mha4	1	0	39	1	0	0.03125	0	1.100800	1.113088	1.210368
mha4	1	1	39	1	0	0.03125	0	1.121344	1.127424	1.253376
mha4	2	0	39	0	57	0.078125	9437184	2.349056	2.337792	2.257920
mha4	2	1	39	1	0	0.046875	18874368	2.304000	2.299008	2.433024
mha4	4	0	39	0	69	0.078125	18874368	1.787680	1.633344	1.910784
mha4	4	1	39	1	0	0.046875	37748736	1.970176	1.807392	2.082816
mha4	8	0	39	0	70	0.09375	37748736	1.796096	2.049824	1.921024
mha4	8	1	39	1	0	0.046875	75497472	2.078720	2.274368	2.167616
mha4	16	0	39	0	61	0.09375	75497472	2.010112	3.069952	2.078944
gqa2	1	0	40	1	0	0.03125	0	0.512000	0.515136	0.553984
gqa2	1	1	40	1	0	0.03125	0	0.507904	0.514880	0.560128
gqa2	2	0	40	0	2	0.09375	4194304	1.072128	1.069152	1.118208
gqa2	2	1	40	1	0	0.03125	8388608	1.153024	1.149856	1.209280
gqa2	4	0	40	0	1	0.0625	8388608	0.978976	0.894976	1.034176
gqa2	4	1	40	1	0	0.03125	16777216	1.080352	0.992256	1.133568
gqa2	8	0	40	1	0	0.0625	16777216	0.986112	1.122304	1.037408
gqa2	8	1	40	1	0	0.03125	33554432	1.111264	1.224864	1.154048
gqa2	16	0	40	0	3	0.09375	33554432	1.053696	1.635456	1.093568
gqa2	16	1	40	1	0	0.03125	67108864	1.223680	1.738752	1.245184
mha4	1	0	40	1	0	0.03125	0	1.065984	1.076224	1.174528
mha4	1	1	40	1	0	0.03125	0	1.059840	1.071104	1.186816
mha4	2	0	40	0	57	0.078125	9437184	2.226176	2.228384	2.345984
mha4	2	1	40	1	0	0.046875	18874368	2.302048	2.298944	2.433856
mha4	4	0	40	0	69	0.078125	18874368	1.786880	1.632256	1.909760
mha4	4	1	40	1	0	0.046875	37748736	1.972224	1.809504	2.081760
mha4	8	0	40	0	70	0.09375	37748736	1.797120	2.045952	1.920000
mha4	8	1	40	1	0	0.046875	75497472	2.080928	2.271264	2.166624
mha4	16	0	40	0	61	0.09375	75497472	2.010336	3.068928	2.077696
mha4	16	1	40	1	0	0.046875	150994944	2.362368	3.296256	2.423808
gqa2	1	1	41	1	0	0.03125	0	0.508096	0.514048	0.559008
gqa2	2	0	41	0	2	0.09375	4194304	1.072128	1.069120	1.118208
gqa2	2	1	41	1	0	0.03125	8388608	1.153024	1.148992	1.209248
gqa2	4	0	41	0	1	0.0625	8388608	0.893952	0.814048	0.946176
gqa2	4	1	41	1	0	0.03125	16777216	1.080320	0.990208	1.131520
gqa2	8	0	41	1	0	0.0625	16777216	0.950048	1.078272	0.996352
gqa2	8	1	41	1	0	0.03125	33554432	1.065984	1.173600	1.105920
gqa2	16	0	41	0	3	0.09375	33554432	1.031168	1.599648	1.070080
gqa2	16	1	41	1	0	0.03125	67108864	1.139712	1.617856	1.155072
mha4	1	0	41	1	0	0.03125	0	1.029120	1.033280	1.131520
mha4	1	1	41	1	0	0.03125	0	1.019904	1.028096	1.145856
mha4	2	0	41	0	57	0.078125	9437184	2.144480	2.143328	2.265088
mha4	2	1	41	1	0	0.046875	18874368	2.305056	2.298880	2.434048
mha4	4	0	41	0	69	0.078125	18874368	1.784832	1.633280	1.911552
mha4	4	1	41	1	0	0.046875	37748736	1.972256	1.808384	2.082816
mha4	8	0	41	0	70	0.09375	37748736	1.795072	2.049120	1.921024
mha4	8	1	41	1	0	0.046875	75497472	2.076672	2.272320	2.165760
mha4	16	0	41	0	61	0.09375	75497472	2.008128	3.069920	2.077504
mha4	16	1	41	1	0	0.046875	150994944	2.372608	3.301216	2.432000
gqa2	1	0	41	1	0	0.03125	0	0.513024	0.515072	0.553984
gqa2	2	0	42	0	2	0.09375	4194304	1.071104	1.069120	1.118208
gqa2	2	1	42	1	0	0.03125	8388608	1.151968	1.149952	1.208320
gqa2	4	0	42	0	1	0.0625	8388608	0.894976	0.814144	0.948224
gqa2	4	1	42	1	0	0.03125	16777216	1.079296	0.988384	1.132544
gqa2	8	0	42	1	0	0.0625	16777216	0.987136	1.122528	1.038336
gqa2	8	1	42	1	0	0.03125	33554432	1.107968	1.218720	1.149952
gqa2	16	0	42	0	3	0.09375	33554432	1.070080	1.657856	1.107840
gqa2	16	1	42	1	0	0.03125	67108864	1.142944	1.622112	1.160192
mha4	1	0	42	1	0	0.03125	0	1.032192	1.034240	1.137632
mha4	1	1	42	1	0	0.03125	0	1.023200	1.028096	1.147904
mha4	2	0	42	0	57	0.078125	9437184	2.145280	2.143328	2.266080
mha4	2	1	42	1	0	0.046875	18874368	2.302976	2.298976	2.433024
mha4	4	0	42	0	69	0.078125	18874368	1.784608	1.633184	1.911680
mha4	4	1	42	1	0	0.046875	37748736	1.971200	1.808384	2.083840
mha4	8	0	42	0	70	0.09375	37748736	1.796096	2.047104	1.920192
mha4	8	1	42	1	0	0.046875	75497472	2.079744	2.270208	2.167744
mha4	16	0	42	0	61	0.09375	75497472	2.014208	3.070048	2.080768
mha4	16	1	42	1	0	0.046875	150994944	2.362368	3.293184	2.415616
gqa2	1	0	42	1	0	0.03125	0	0.512224	0.514112	0.553888
gqa2	1	1	42	1	0	0.03125	0	0.508096	0.515072	0.559104
gqa2	2	1	43	1	0	0.03125	8388608	1.150048	1.147968	1.207296
gqa2	4	0	43	0	1	0.0625	8388608	0.893952	0.814208	0.948224
gqa2	4	1	43	1	0	0.03125	16777216	0.984096	0.902240	1.030144
gqa2	8	0	43	1	0	0.0625	16777216	0.899168	1.021024	0.953216
gqa2	8	1	43	1	0	0.03125	33554432	1.011712	1.113184	1.049600
gqa2	16	0	43	0	3	0.09375	33554432	1.070272	1.658016	1.106944
gqa2	16	1	43	1	0	0.03125	67108864	1.251200	1.773696	1.269760
mha4	1	0	43	1	0	0.03125	0	1.026848	1.034240	1.131520
mha4	1	1	43	1	0	0.03125	0	1.018880	1.027136	1.145824
mha4	2	0	43	0	57	0.078125	9437184	2.146304	2.143392	2.265088
mha4	2	1	43	1	0	0.046875	18874368	2.304000	2.298976	2.433024
mha4	4	0	43	0	69	0.078125	18874368	1.787904	1.631328	1.910784
mha4	4	1	43	1	0	0.046875	37748736	1.970176	1.806432	2.084864
mha4	8	0	43	0	70	0.09375	37748736	1.797184	2.047072	1.921024
mha4	8	1	43	1	0	0.046875	75497472	2.079744	2.268224	2.166784
mha4	16	0	43	0	61	0.09375	75497472	2.010112	3.069952	2.079744
mha4	16	1	43	1	0	0.046875	150994944	2.362368	3.294304	2.420736
gqa2	1	0	43	1	0	0.03125	0	0.512000	0.514048	0.554976
gqa2	1	1	43	1	0	0.03125	0	0.507904	0.514048	0.558080
gqa2	2	0	43	0	2	0.09375	4194304	1.073152	1.071104	1.119232
gqa2	4	0	44	0	1	0.0625	8388608	0.894144	0.814048	0.948224
gqa2	4	1	44	1	0	0.03125	16777216	1.080288	0.991392	1.133376
gqa2	8	0	44	1	0	0.0625	16777216	0.988000	1.122368	1.038176
gqa2	8	1	44	1	0	0.03125	33554432	1.107968	1.216704	1.148928
gqa2	16	0	44	0	3	0.09375	33554432	1.045504	1.619104	1.084256
gqa2	16	1	44	1	0	0.03125	67108864	1.219488	1.726464	1.239040
mha4	1	0	44	1	0	0.03125	0	1.103808	1.117376	1.215488
mha4	1	1	44	1	0	0.03125	0	1.122240	1.128320	1.254400
mha4	2	0	44	0	57	0.078125	9437184	2.354176	2.340864	2.471936
mha4	2	1	44	1	0	0.046875	18874368	2.305024	2.298816	2.432832
mha4	4	0	44	0	69	0.078125	18874368	1.786112	1.634304	1.910784
mha4	4	1	44	1	0	0.046875	37748736	1.973248	1.808384	2.081792
mha4	8	0	44	0	70	0.09375	37748736	1.796096	2.048128	1.921024
mha4	8	1	44	1	0	0.046875	75497472	2.077696	2.270272	2.164736
mha4	16	0	44	0	61	0.09375	75497472	2.010112	3.068832	2.078720
mha4	16	1	44	1	0	0.046875	150994944	2.365440	3.294304	2.423808
gqa2	1	0	44	1	0	0.03125	0	0.512000	0.514144	0.553984
gqa2	1	1	44	1	0	0.03125	0	0.506880	0.514048	0.560128
gqa2	2	0	44	0	2	0.09375	4194304	1.071936	1.069120	1.118208
gqa2	2	1	44	1	0	0.03125	8388608	1.150976	1.149792	1.207296
gqa2	4	1	45	1	0	0.03125	16777216	0.985088	0.900160	1.029120
gqa2	8	0	45	1	0	0.0625	16777216	0.899840	1.021056	0.951296
gqa2	8	1	45	1	0	0.03125	33554432	1.012736	1.113952	1.051648
gqa2	16	0	45	0	3	0.09375	33554432	0.974848	1.509440	1.006496
gqa2	16	1	45	1	0	0.03125	67108864	1.139520	1.614848	1.157952
mha4	1	0	45	1	0	0.03125	0	1.028096	1.031200	1.129568
mha4	1	1	45	1	0	0.03125	0	1.120320	1.130496	1.256320
mha4	2	0	45	0	57	0.078125	9437184	2.349056	2.309952	2.429088
mha4	2	1	45	1	0	0.046875	18874368	2.304128	2.297856	2.434016
mha4	4	0	45	0	69	0.078125	18874368	1.787904	1.633344	1.910784
mha4	4	1	45	1	0	0.046875	37748736	1.971936	1.808096	2.079648
mha4	8	0	45	0	70	0.09375	37748736	1.801216	2.046976	1.918624
mha4	8	1	45	1	0	0.046875	75497472	2.079744	2.271136	2.166560
mha4	16	0	45	0	61	0.09375	75497472	2.010016	3.068864	2.077952
mha4	16	1	45	1	0	0.046875	150994944	2.364096	3.292320	2.420608
gqa2	1	0	45	1	0	0.03125	0	0.510976	0.513088	0.552768
gqa2	1	1	45	1	0	0.03125	0	0.505728	0.512064	0.557120
gqa2	2	0	45	0	2	0.09375	4194304	1.070080	1.068032	1.116160
gqa2	2	1	45	1	0	0.03125	8388608	1.148928	1.148896	1.204320
gqa2	4	0	45	0	1	0.0625	8388608	0.890880	0.812864	0.945152
gqa2	8	0	46	1	0	0.0625	16777216	0.984128	1.116064	1.038048
gqa2	8	1	46	1	0	0.03125	33554432	1.105920	1.215488	1.147904
gqa2	16	0	46	0	3	0.09375	33554432	1.069056	1.657856	1.106944
gqa2	16	1	46	1	0	0.03125	67108864	1.241088	1.760416	1.260544
mha4	1	0	46	1	0	0.03125	0	1.025088	1.030144	1.129152
mha4	1	1	46	1	0	0.03125	0	1.016832	1.025888	1.143808
mha4	2	0	46	0	57	0.078125	9437184	2.144256	2.141056	2.264128
mha4	2	1	46	1	0	0.046875	18874368	2.301920	2.294880	2.429920
mha4	4	0	46	0	69	0.078125	18874368	1.782560	1.629856	1.908736
mha4	4	1	46	1	0	0.046875	37748736	1.968128	1.805312	2.078720
mha4	8	0	46	0	70	0.09375	37748736	1.792000	2.044928	1.917824
mha4	8	1	46	1	0	0.046875	75497472	2.076032	2.268160	2.162912
mha4	16	0	46	0	61	0.09375	75497472	2.007040	3.065952	2.076608
mha4	16	1	46	1	0	0.046875	150994944	2.361344	3.294208	2.420736
gqa2	1	0	46	1	0	0.03125	0	0.510976	0.512928	0.552896
gqa2	1	1	46	1	0	0.03125	0	0.505856	0.512064	0.558016
gqa2	2	0	46	0	2	0.09375	4194304	1.069056	1.067008	1.115136
gqa2	2	1	46	1	0	0.03125	8388608	1.148768	1.146720	1.204224
gqa2	4	0	46	0	1	0.0625	8388608	0.890816	0.812032	0.943104
gqa2	4	1	46	1	0	0.03125	16777216	0.982752	0.898944	1.028736
gqa2	8	1	47	1	0	0.03125	33554432	1.009696	1.110848	1.049568
gqa2	16	0	47	0	3	0.09375	33554432	0.972960	1.509024	1.003520
gqa2	16	1	47	1	0	0.03125	67108864	1.132544	1.606752	1.149952
mha4	1	0	47	1	0	0.03125	0	1.025984	1.030272	1.128448
mha4	1	1	47	1	0	0.03125	0	1.018560	1.024864	1.142784
mha4	2	0	47	0	57	0.078125	9437184	2.143232	2.140992	2.261056
mha4	2	1	47	1	0	0.046875	18874368	2.299904	2.295808	2.430624
mha4	4	0	47	0	69	0.078125	18874368	1.785632	1.629312	1.907712
mha4	4	1	47	1	0	0.046875	37748736	1.970176	1.809056	2.082496
mha4	8	0	47	0	70	0.09375	37748736	1.796928	2.045056	1.918976
mha4	8	1	47	1	0	0.046875	75497472	2.075616	2.271296	2.164736
mha4	16	0	47	0	61	0.09375	75497472	2.010848	3.068928	2.076672
mha4	16	1	47	1	0	0.046875	150994944	2.358944	3.288192	2.418592
gqa2	1	0	47	1	0	0.03125	0	0.510944	0.513024	0.553984
gqa2	1	1	47	1	0	0.03125	0	0.505920	0.512768	0.557408
gqa2	2	0	47	0	2	0.09375	4194304	1.069856	1.067776	1.115232
gqa2	2	1	47	1	0	0.03125	8388608	1.149952	1.149024	1.205248
gqa2	4	0	47	0	1	0.0625	8388608	0.890688	0.812032	0.944896
gqa2	4	1	47	1	0	0.03125	16777216	0.984032	0.898048	1.027072
gqa2	8	0	47	1	0	0.0625	16777216	0.896832	1.019904	0.949248
gqa2	16	0	48	0	3	0.09375	33554432	0.973568	1.509376	1.004544
gqa2	16	1	48	1	0	0.03125	67108864	1.136640	1.613760	1.155072
mha4	1	0	48	1	0	0.03125	0	1.024000	1.030240	1.129472
mha4	1	1	48	1	0	0.03125	0	1.017856	1.025120	1.140736
mha4	2	0	48	0	57	0.078125	9437184	2.142208	2.141120	2.263040
mha4	2	1	48	1	0	0.046875	18874368	2.300928	2.296640	2.429952
mha4	4	0	48	0	69	0.078125	18874368	1.782784	1.630048	1.907712
mha4	4	1	48	1	0	0.046875	37748736	1.970016	1.806080	2.078720
mha4	8	0	48	0	70	0.09375	37748736	1.793024	2.042944	1.917856
mha4	8	1	48	1	0	0.046875	75497472	2.079744	2.275008	2.167808
mha4	16	0	48	0	61	0.09375	75497472	2.008704	3.065568	2.076416
mha4	16	1	48	1	0	0.046875	150994944	2.365440	3.292256	2.424800
gqa2	1	0	48	1	0	0.03125	0	0.511008	0.514048	0.551936
gqa2	1	1	48	1	0	0.03125	0	0.505600	0.512000	0.558016
gqa2	2	0	48	0	2	0.09375	4194304	1.071104	1.067104	1.116160
gqa2	2	1	48	1	0	0.03125	8388608	1.148928	1.147904	1.204992
gqa2	4	0	48	0	1	0.0625	8388608	0.891904	0.813152	1.035104
gqa2	4	1	48	1	0	0.03125	16777216	1.078272	0.988352	1.128448
gqa2	8	0	48	1	0	0.0625	16777216	0.983040	1.120416	1.036000
gqa2	8	1	48	1	0	0.03125	33554432	1.105920	1.216224	1.147904
gqa2	16	1	49	1	0	0.03125	67108864	1.242112	1.762464	1.264352
mha4	1	0	49	1	0	0.03125	0	1.124640	1.130656	1.233920
mha4	1	1	49	1	0	0.03125	0	1.016832	1.025120	1.141376
mha4	2	0	49	0	57	0.078125	9437184	2.142208	2.140928	2.260992
mha4	2	1	49	1	0	0.046875	18874368	2.300928	2.296832	2.430880
mha4	4	0	49	0	69	0.078125	18874368	1.781824	1.630240	1.906688
mha4	4	1	49	1	0	0.046875	37748736	1.973152	1.806048	2.081792
mha4	8	0	49	0	70	0.09375	37748736	1.795072	2.049024	1.921024
mha4	8	1	49	1	0	0.046875	75497472	2.088960	2.280512	2.173728
mha4	16	0	49	0	61	0.09375	75497472	2.010112	3.068768	2.077536
mha4	16	1	49	1	0	0.046875	150994944	2.372544	3.300448	2.429952
gqa2	1	0	49	1	0	0.03125	0	0.514016	0.515168	0.553696
gqa2	1	1	49	1	0	0.03125	0	0.507904	0.514112	0.559104
gqa2	2	0	49	0	2	0.09375	4194304	1.072992	1.070080	1.119232
gqa2	2	1	49	1	0	0.03125	8388608	1.152832	1.150048	1.208320
gqa2	4	0	49	0	1	0.0625	8388608	0.980128	0.894112	1.035264
gqa2	4	1	49	1	0	0.03125	16777216	1.078272	0.986304	1.133568
gqa2	8	0	49	1	0	0.0625	16777216	0.985088	1.123328	1.039360
gqa2	8	1	49	1	0	0.03125	33554432	1.107744	1.218752	1.150976
gqa2	16	0	49	0	3	0.09375	33554432	1.053600	1.635328	1.092608
